site,subsystem,n_years,n_syn,n_red,syn_frac,mean_z
CN-HaM,"呼吸制御 Rg,Ta,θ,GER",10,6,2,0.6,-4.230728194910048
CN-HaM,"蒸発制御 Rg,VPD,θ,γLE",10,0,10,0.0,15.586202538144374
CN-HaM,"光合成制御 Rg,Ta,VPD,GEP",10,0,10,0.0,29.291302841164093
CN-HaM,"炭素コア Rg,GEP,GER,NEE",10,0,10,0.0,19.83392040952352
CN-HaM,"土壌熱 Ta,Ts,θ,GER",10,3,7,0.3,6.278646119814146
CN-HaM,"エネルギー Rg,Ta,γH,γLE",10,0,10,0.0,27.48209593630517
CN-Lsh,"呼吸制御 Rg,Ta,θ,GER",4,3,1,0.75,-1.0266411373437894
CN-Lsh,"蒸発制御 Rg,VPD,θ,γLE",4,0,4,0.0,18.556475666528527
CN-Lsh,"光合成制御 Rg,Ta,VPD,GEP",4,0,4,0.0,25.11109572011405
CN-Lsh,"炭素コア Rg,GEP,GER,NEE",4,0,4,0.0,24.87935610701701
CN-Lsh,"土壌熱 Ta,Ts,θ,GER",4,1,1,0.25,1.3994703850711123
CN-Lsh,"エネルギー Rg,Ta,γH,γLE",4,0,4,0.0,32.70406699406052
JP-BBY,"呼吸制御 Rg,Ta,θ,GER",5,1,4,0.2,2.2688921030910327
JP-BBY,"蒸発制御 Rg,VPD,θ,γLE",5,0,5,0.0,34.847491666962924
JP-BBY,"光合成制御 Rg,Ta,VPD,GEP",5,0,5,0.0,26.794258086395928
JP-BBY,"炭素コア Rg,GEP,GER,NEE",5,0,5,0.0,34.963188470617006
JP-BBY,"土壌熱 Ta,Ts,θ,GER",5,1,3,0.2,2.620951061033989
JP-BBY,"エネルギー Rg,Ta,γH,γLE",5,0,5,0.0,59.708796344804135
JP-Fhk,"呼吸制御 Rg,Ta,θ,GER",18,3,11,0.16666666666666666,4.61408802342247
JP-Fhk,"蒸発制御 Rg,VPD,θ,γLE",18,0,18,0.0,24.03849199991669
JP-Fhk,"光合成制御 Rg,Ta,VPD,GEP",18,0,18,0.0,35.04563970976583
JP-Fhk,"炭素コア Rg,GEP,GER,NEE",18,0,18,0.0,23.354709690444533
JP-Fhk,"土壌熱 Ta,Ts,θ,GER",18,1,16,0.05555555555555555,17.452330664823872
JP-Fhk,"エネルギー Rg,Ta,γH,γLE",18,0,18,0.0,44.90086874355492
JP-Fjy,"呼吸制御 Rg,Ta,θ,GER",10,3,2,0.3,-0.5350657576403118
JP-Fjy,"蒸発制御 Rg,VPD,θ,γLE",10,0,10,0.0,19.864663754786427
JP-Fjy,"光合成制御 Rg,Ta,VPD,GEP",10,0,10,0.0,36.07818834725184
JP-Fjy,"炭素コア Rg,GEP,GER,NEE",10,0,10,0.0,25.870656436634448
JP-Fjy,"土壌熱 Ta,Ts,θ,GER",10,4,5,0.4,0.9460913653217329
JP-Fjy,"エネルギー Rg,Ta,γH,γLE",10,0,10,0.0,31.946986418755937
JP-MBF,"呼吸制御 Rg,Ta,θ,GER",8,5,1,0.625,-6.621308925611057
JP-MBF,"蒸発制御 Rg,VPD,θ,γLE",8,0,8,0.0,18.426686628086458
JP-MBF,"光合成制御 Rg,Ta,VPD,GEP",8,0,8,0.0,15.676598467041309
JP-MBF,"炭素コア Rg,GEP,GER,NEE",8,0,8,0.0,28.38616069582517
JP-MBF,"土壌熱 Ta,Ts,θ,GER",8,5,2,0.625,-7.257108661102405
JP-MBF,"エネルギー Rg,Ta,γH,γLE",8,0,8,0.0,31.41008388020437
JP-MMF,"呼吸制御 Rg,Ta,θ,GER",9,6,1,0.6666666666666666,-5.525387472767131
JP-MMF,"蒸発制御 Rg,VPD,θ,γLE",9,0,9,0.0,26.707961003032302
JP-MMF,"光合成制御 Rg,Ta,VPD,GEP",9,0,9,0.0,22.738937775925145
JP-MMF,"炭素コア Rg,GEP,GER,NEE",9,0,9,0.0,24.2242093271379
JP-MMF,"土壌熱 Ta,Ts,θ,GER",9,5,3,0.5555555555555556,-3.5944839880162047
JP-MMF,"エネルギー Rg,Ta,γH,γLE",9,0,9,0.0,40.25692030616652
JP-Mse,"呼吸制御 Rg,Ta,θ,GER",8,0,3,0.0,2.71503480379315
JP-Mse,"蒸発制御 Rg,VPD,θ,γLE",8,0,8,0.0,30.5214508724302
JP-Mse,"光合成制御 Rg,Ta,VPD,GEP",8,0,8,0.0,34.06355192619527
JP-Mse,"炭素コア Rg,GEP,GER,NEE",8,0,8,0.0,47.804128289747936
JP-Mse,"土壌熱 Ta,Ts,θ,GER",8,0,7,0.0,11.682640460746573
JP-Mse,"エネルギー Rg,Ta,γH,γLE",8,0,8,0.0,18.40253872207546
JP-Nkm,"呼吸制御 Rg,Ta,θ,GER",3,3,0,1.0,-4.5037882614051465
JP-Nkm,"蒸発制御 Rg,VPD,θ,γLE",3,0,3,0.0,13.51566838069819
JP-Nkm,"光合成制御 Rg,Ta,VPD,GEP",3,0,3,0.0,18.543331702721474
JP-Nkm,"炭素コア Rg,GEP,GER,NEE",3,0,3,0.0,25.597649718302772
JP-Nkm,"土壌熱 Ta,Ts,θ,GER",3,3,0,1.0,-10.825488445135628
JP-Nkm,"エネルギー Rg,Ta,γH,γLE",3,0,3,0.0,59.31090450663245
JP-Om2,"呼吸制御 Rg,Ta,θ,GER",1,1,0,1.0,-4.43464187452582
JP-Om2,"蒸発制御 Rg,VPD,θ,γLE",1,0,1,0.0,20.51617753608464
JP-Om2,"光合成制御 Rg,Ta,VPD,GEP",1,0,1,0.0,39.997391961440854
JP-Om2,"炭素コア Rg,GEP,GER,NEE",1,0,1,0.0,32.258279109313925
JP-Om2,"土壌熱 Ta,Ts,θ,GER",1,1,0,1.0,-6.452487237397625
JP-Om2,"エネルギー Rg,Ta,γH,γLE",1,0,1,0.0,54.122065324180184
JP-SMF,"呼吸制御 Rg,Ta,θ,GER",12,8,4,0.6666666666666666,-2.948297990468506
JP-SMF,"蒸発制御 Rg,VPD,θ,γLE",12,0,12,0.0,22.164235998673064
JP-SMF,"光合成制御 Rg,Ta,VPD,GEP",12,0,12,0.0,36.71156171156681
JP-SMF,"炭素コア Rg,GEP,GER,NEE",12,0,12,0.0,25.935472076595307
JP-SMF,"土壌熱 Ta,Ts,θ,GER",12,9,2,0.75,-4.162201727372261
JP-SMF,"エネルギー Rg,Ta,γH,γLE",12,0,12,0.0,40.131240596822025
JP-Sb1,"呼吸制御 Rg,Ta,θ,GER",4,2,0,0.5,-2.987977495754638
JP-Sb1,"蒸発制御 Rg,VPD,θ,γLE",4,0,4,0.0,30.984095937041666
JP-Sb1,"光合成制御 Rg,Ta,VPD,GEP",4,0,4,0.0,18.966546139944974
JP-Sb1,"炭素コア Rg,GEP,GER,NEE",4,0,4,0.0,21.49651791137893
JP-Sb1,"土壌熱 Ta,Ts,θ,GER",4,0,2,0.0,4.86879188729176
JP-Sb1,"エネルギー Rg,Ta,γH,γLE",4,0,4,0.0,44.50545931598053
JP-Sb2,"呼吸制御 Rg,Ta,θ,GER",4,2,1,0.5,-1.2714855634030127
JP-Sb2,"蒸発制御 Rg,VPD,θ,γLE",4,0,3,0.0,23.868655441300305
JP-Sb2,"光合成制御 Rg,Ta,VPD,GEP",4,0,4,0.0,22.737071478995666
JP-Sb2,"炭素コア Rg,GEP,GER,NEE",4,0,4,0.0,26.08300021836423
JP-Sb2,"土壌熱 Ta,Ts,θ,GER",4,0,3,0.0,12.007965482230805
JP-Sb2,"エネルギー Rg,Ta,γH,γLE",4,0,4,0.0,38.20808302237224
JP-Spp,"呼吸制御 Rg,Ta,θ,GER",11,10,0,0.9090909090909091,-8.957146668099279
JP-Spp,"蒸発制御 Rg,VPD,θ,γLE",11,0,11,0.0,17.298708678506227
JP-Spp,"光合成制御 Rg,Ta,VPD,GEP",11,0,11,0.0,17.755630923391365
JP-Spp,"炭素コア Rg,GEP,GER,NEE",11,0,11,0.0,21.32346472771866
JP-Spp,"土壌熱 Ta,Ts,θ,GER",11,7,4,0.6363636363636364,-5.267163526968449
JP-Spp,"エネルギー Rg,Ta,γH,γLE",11,0,11,0.0,34.57672046100854
JP-Ta2,"呼吸制御 Rg,Ta,θ,GER",11,6,1,0.5454545454545454,-4.990973842563014
JP-Ta2,"蒸発制御 Rg,VPD,θ,γLE",11,0,11,0.0,21.169791527322683
JP-Ta2,"光合成制御 Rg,Ta,VPD,GEP",11,0,11,0.0,33.89231241353213
JP-Ta2,"炭素コア Rg,GEP,GER,NEE",11,0,11,0.0,18.11387182270896
JP-Ta2,"土壌熱 Ta,Ts,θ,GER",11,10,0,0.9090909090909091,-13.701662274432215
JP-Ta2,"エネルギー Rg,Ta,γH,γLE",11,0,11,0.0,39.10221381607976
JP-Tak,"呼吸制御 Rg,Ta,θ,GER",21,19,0,0.9047619047619048,-7.104279462829479
JP-Tak,"蒸発制御 Rg,VPD,θ,γLE",21,0,21,0.0,11.012042786958943
JP-Tak,"光合成制御 Rg,Ta,VPD,GEP",21,0,21,0.0,24.258285940878334
JP-Tak,"炭素コア Rg,GEP,GER,NEE",21,1,19,0.047619047619047616,20.62236477414722
JP-Tak,"土壌熱 Ta,Ts,θ,GER",21,11,5,0.5238095238095238,-3.260186123697981
JP-Tak,"エネルギー Rg,Ta,γH,γLE",21,0,21,0.0,18.393699437337247
JP-Tef,"呼吸制御 Rg,Ta,θ,GER",20,17,2,0.85,-6.251156874945183
JP-Tef,"蒸発制御 Rg,VPD,θ,γLE",20,0,20,0.0,30.366019712211965
JP-Tef,"光合成制御 Rg,Ta,VPD,GEP",20,0,20,0.0,21.352629349154906
JP-Tef,"炭素コア Rg,GEP,GER,NEE",20,0,19,0.0,18.858888835038222
JP-Tef,"土壌熱 Ta,Ts,θ,GER",20,5,11,0.25,7.441767167158487
JP-Tef,"エネルギー Rg,Ta,γH,γLE",20,0,20,0.0,36.63168928699868
JP-Tgf,"呼吸制御 Rg,Ta,θ,GER",2,1,1,0.5,2.4352178276305536
JP-Tgf,"蒸発制御 Rg,VPD,θ,γLE",2,0,2,0.0,14.998350411410577
JP-Tgf,"光合成制御 Rg,Ta,VPD,GEP",2,0,2,0.0,30.929274186135785
JP-Tgf,"炭素コア Rg,GEP,GER,NEE",2,0,2,0.0,18.989236268714606
JP-Tgf,"土壌熱 Ta,Ts,θ,GER",2,2,0,1.0,-7.803291407389594
JP-Tgf,"エネルギー Rg,Ta,γH,γLE",2,0,2,0.0,7.542359900042938
JP-Tmd,"呼吸制御 Rg,Ta,θ,GER",18,9,4,0.5,-3.7710691409234918
JP-Tmd,"蒸発制御 Rg,VPD,θ,γLE",18,0,18,0.0,31.549864452511265
JP-Tmd,"光合成制御 Rg,Ta,VPD,GEP",18,0,18,0.0,37.210434489471695
JP-Tmd,"炭素コア Rg,GEP,GER,NEE",18,0,18,0.0,28.889136297345985
JP-Tmd,"土壌熱 Ta,Ts,θ,GER",18,5,11,0.2777777777777778,2.326636587909233
JP-Tmd,"エネルギー Rg,Ta,γH,γLE",18,0,18,0.0,54.03439211575221
JP-Tmk,"呼吸制御 Rg,Ta,θ,GER",2,2,0,1.0,-6.592275953149601
JP-Tmk,"蒸発制御 Rg,VPD,θ,γLE",2,0,2,0.0,26.828874768648802
JP-Tmk,"光合成制御 Rg,Ta,VPD,GEP",2,0,2,0.0,43.489661449318014
JP-Tmk,"炭素コア Rg,GEP,GER,NEE",2,0,2,0.0,47.151481448368685
JP-Tmk,"土壌熱 Ta,Ts,θ,GER",2,2,0,1.0,-6.9355245278027216
JP-Tmk,"エネルギー Rg,Ta,γH,γLE",2,0,2,0.0,48.75207837694333
JP-Yms,"呼吸制御 Rg,Ta,θ,GER",6,4,0,0.6666666666666666,-5.419927080605437
JP-Yms,"蒸発制御 Rg,VPD,θ,γLE",6,0,6,0.0,8.222606254929078
JP-Yms,"光合成制御 Rg,Ta,VPD,GEP",6,0,6,0.0,24.166232270872502
JP-Yms,"炭素コア Rg,GEP,GER,NEE",6,0,6,0.0,12.8470091938724
JP-Yms,"土壌熱 Ta,Ts,θ,GER",6,2,2,0.3333333333333333,0.908247486710475
JP-Yms,"エネルギー Rg,Ta,γH,γLE",6,0,6,0.0,24.127469797906077
JP-Ynf,"呼吸制御 Rg,Ta,θ,GER",8,4,2,0.5,-1.5153991054902953
JP-Ynf,"蒸発制御 Rg,VPD,θ,γLE",8,0,7,0.0,17.017001965909373
JP-Ynf,"光合成制御 Rg,Ta,VPD,GEP",8,0,8,0.0,46.259587587918745
JP-Ynf,"炭素コア Rg,GEP,GER,NEE",8,0,8,0.0,29.767267430535533
JP-Ynf,"土壌熱 Ta,Ts,θ,GER",8,5,3,0.625,-2.8133861473220105
JP-Ynf,"エネルギー Rg,Ta,γH,γLE",8,0,8,0.0,51.85057150671458
MN-Hst,"呼吸制御 Rg,Ta,θ,GER",4,3,0,0.75,-2.378792563958229
MN-Hst,"蒸発制御 Rg,VPD,θ,γLE",4,0,1,0.0,1.4531174086208893
MN-Hst,"光合成制御 Rg,Ta,VPD,GEP",4,0,4,0.0,16.474316822167683
MN-Hst,"炭素コア Rg,GEP,GER,NEE",4,0,4,0.0,25.84206598243047
MN-Hst,"土壌熱 Ta,Ts,θ,GER",4,0,4,0.0,7.22386221132698
MN-Hst,"エネルギー Rg,Ta,γH,γLE",4,0,2,0.0,3.659924685948814
MN-Kbu,"呼吸制御 Rg,Ta,θ,GER",5,5,0,1.0,-7.824788798872582
MN-Kbu,"蒸発制御 Rg,VPD,θ,γLE",5,2,1,0.4,-1.1450872240603314
MN-Kbu,"光合成制御 Rg,Ta,VPD,GEP",5,0,5,0.0,18.607847312571373
MN-Kbu,"炭素コア Rg,GEP,GER,NEE",5,0,5,0.0,25.244915682526152
MN-Kbu,"土壌熱 Ta,Ts,θ,GER",5,0,4,0.0,8.42921988317422
MN-Kbu,"エネルギー Rg,Ta,γH,γLE",5,0,4,0.0,6.215400531798294
MN-Nkh,"呼吸制御 Rg,Ta,θ,GER",5,5,0,1.0,-10.199098415007342
MN-Nkh,"蒸発制御 Rg,VPD,θ,γLE",5,0,4,0.0,5.778445088237933
MN-Nkh,"光合成制御 Rg,Ta,VPD,GEP",5,0,5,0.0,12.7848635406362
MN-Nkh,"炭素コア Rg,GEP,GER,NEE",5,0,5,0.0,26.36793389805024
MN-Nkh,"土壌熱 Ta,Ts,θ,GER",5,2,2,0.4,-0.35849058904159836
MN-Nkh,"エネルギー Rg,Ta,γH,γLE",5,0,4,0.0,15.192064605619924
MN-Skt,"呼吸制御 Rg,Ta,θ,GER",4,4,0,1.0,-10.128732765102134
MN-Skt,"蒸発制御 Rg,VPD,θ,γLE",4,0,3,0.0,4.545086906306471
MN-Skt,"光合成制御 Rg,Ta,VPD,GEP",4,0,4,0.0,15.84566511515656
MN-Skt,"炭素コア Rg,GEP,GER,NEE",4,0,4,0.0,33.26064429233244
MN-Skt,"土壌熱 Ta,Ts,θ,GER",4,1,2,0.25,7.62903620493268
MN-Skt,"エネルギー Rg,Ta,γH,γLE",4,0,4,0.0,21.290889182289757
RU-Ege,"呼吸制御 Rg,Ta,θ,GER",8,4,2,0.5,-1.7267495127681889
RU-Ege,"蒸発制御 Rg,VPD,θ,γLE",8,0,7,0.0,10.019445559059672
RU-Ege,"光合成制御 Rg,Ta,VPD,GEP",8,0,8,0.0,15.021790449613842
RU-Ege,"炭素コア Rg,GEP,GER,NEE",8,0,7,0.0,12.711314718071307
RU-Ege,"土壌熱 Ta,Ts,θ,GER",8,0,7,0.0,16.13539196407841
RU-Ege,"エネルギー Rg,Ta,γH,γLE",8,0,8,0.0,28.37309240328182
RU-SkP,"呼吸制御 Rg,Ta,θ,GER",7,6,0,0.8571428571428571,-5.214541555298118
RU-SkP,"蒸発制御 Rg,VPD,θ,γLE",7,0,4,0.0,6.590523605723498
RU-SkP,"光合成制御 Rg,Ta,VPD,GEP",7,0,7,0.0,13.678096932310922
RU-SkP,"炭素コア Rg,GEP,GER,NEE",7,1,4,0.14285714285714285,5.413616308276523
RU-SkP,"土壌熱 Ta,Ts,θ,GER",7,2,3,0.2857142857142857,4.370826019084953
RU-SkP,"エネルギー Rg,Ta,γH,γLE",7,0,7,0.0,20.93987985962753
RU-Tur,"呼吸制御 Rg,Ta,θ,GER",1,0,1,0.0,3.8033325872437427
RU-Tur,"蒸発制御 Rg,VPD,θ,γLE",1,0,1,0.0,2.9067188668425836
RU-Tur,"光合成制御 Rg,Ta,VPD,GEP",1,0,0,0.0,0.8209867130115175
RU-Tur,"炭素コア Rg,GEP,GER,NEE",1,0,0,0.0,2.0745212609300245
RU-Tur,"土壌熱 Ta,Ts,θ,GER",1,0,1,0.0,14.161164595517576
RU-Tur,"エネルギー Rg,Ta,γH,γLE",1,0,1,0.0,11.719597073804506
TH-Mae,"呼吸制御 Rg,Ta,θ,GER",8,5,2,0.625,2.650017202644422
TH-Mae,"蒸発制御 Rg,VPD,θ,γLE",8,0,8,0.0,13.515707517781784
TH-Mae,"光合成制御 Rg,Ta,VPD,GEP",8,0,8,0.0,26.044697961068415
TH-Mae,"炭素コア Rg,GEP,GER,NEE",8,0,8,0.0,13.341427089776534
TH-Mae,"土壌熱 Ta,Ts,θ,GER",8,0,8,0.0,15.567185897692397
TH-Mae,"エネルギー Rg,Ta,γH,γLE",8,0,8,0.0,42.00457400727001
