date,SWC,LE,H,G,Rn,VPD_ec,ET,EF,site,VPD,NDWI_s2,NDWI_anom,GWS_cm,group_le,group
2018-01-01,15.21796,11.5732,-48.67511,-30.95477,-85.24116,4.080558,0.0167890086819162,,Oran,5.440191,-0.3273694233480844,-0.16573530697443645,-0.31959816530029794,wet_active,wet_shallow
2018-01-02,14.53903,0.3577828,-52.61316,-16.66886,-69.19712,3.293929,0.0005182683320765,,Oran,3.9408944,-0.3244178003228037,-0.16278368394915577,-0.3053616013852358,wet_inactive,wet_shallow
2018-01-03,14.30567,4.722485,-42.72751,-7.873446,-65.4574,3.592366,0.0068494726803839,,Oran,2.5700839,-0.3244178003228037,-0.16278368394915577,-0.29112503747017326,wet_active,wet_shallow
2018-01-04,14.31555,5.359939,-10.30081,5.01226,-1.606555,2.575147,0.0077822919384846,,Oran,3.2948906,-0.3244178003228037,-0.16278368394915577,-0.27688847355511115,wet_active,wet_shallow
2018-01-05,14.23207,6.509318,-15.81172,-12.85968,-30.72915,4.615052,0.0094648483551103,,Oran,4.180042,-0.3244178003228037,-0.16278368394915577,-0.2626519096400486,deep_access,wet_shallow
2018-01-06,13.54064,-3.178942,-15.03901,-41.12982,-62.12185,3.090948,0.0,,Oran,1.5899018,-0.3244178003228037,-0.16278368394915577,-0.24841534572498647,surface_dependent,wet_shallow
2018-01-11,21.89385,50.17653,-26.81705,-9.427101,-14.17393,2.795337,0.0726879174659357,,Oran,3.189659,-0.3542869360701304,-0.19265281969648246,-0.177232526149675,wet_active,wet_shallow
2018-01-12,16.79765,3.668936,-42.66312,-30.20761,-79.15712,2.846274,0.0052993503083156,,Oran,3.5121992,-0.3542869360701304,-0.19265281969648246,-0.16299596223461243,wet_active,wet_shallow
2018-01-13,15.85966,-1.768134,-9.534827,-31.3818,-52.29302,1.988383,0.0,,Oran,3.0652695,-0.3542869360701304,-0.19265281969648246,-0.14875939831955032,wet_inactive,wet_shallow
2018-01-14,15.53669,4.890814,-20.11266,-5.592013,-21.37375,3.626333,0.0070837245885915,,Oran,2.481703,-0.3542869360701304,-0.19265281969648246,-0.13452283440448776,wet_active,wet_shallow
2018-01-15,15.93782,1.204499,-9.631748,-18.24881,-27.43455,1.932427,0.001740010401067,,Oran,2.297952,-0.3542869360701304,-0.19265281969648246,-0.12028627048942564,wet_inactive,wet_shallow
2018-01-16,15.34702,2.33171,-11.63514,-37.94393,-68.93069,2.452775,0.0033667377783553,,Oran,4.204006,-0.348446699363976,-0.18681258299032805,-0.10604970657436308,wet_inactive,wet_shallow
2018-01-17,14.95315,0.3305622,-0.7476253,-42.41615,-53.40376,2.285481,0.0004777313116471,,Oran,3.5757148,-0.35077609261995385,-0.1891419762463059,-0.09181314265930096,wet_inactive,wet_shallow
2018-01-18,14.72426,-0.7106047,-7.625775,-44.93663,-55.75174,2.983803,0.0,,Oran,2.7773783,-0.35077609261995385,-0.1891419762463059,-0.0775765787442384,wet_inactive,wet_shallow
2018-01-19,14.56811,-2.731345,-23.10954,-24.15182,-44.55602,2.503744,0.0,,Oran,3.5041952,-0.35077609261995385,-0.1891419762463059,-0.06334001482917628,wet_inactive,wet_shallow
2018-01-20,14.38656,-0.07061213,-36.96888,-25.39092,-71.48437,3.794762,0.0,,Oran,5.7601743,-0.35077609261995385,-0.1891419762463059,-0.04910345091411372,wet_inactive,wet_shallow
2018-01-21,14.09324,-0.4496858,-36.88589,-10.29464,-72.46524,5.051491,0.0,,Oran,5.948769,-0.3589878028241743,-0.19735368645052637,-0.034866886999051605,surface_dependent,wet_shallow
2018-01-22,13.88357,1.912942,-53.79398,-12.86147,-70.8735,5.230436,0.0027824768301719,,Oran,5.1521773,-0.22420650678701284,-0.0625723904133649,-0.020630323083989044,surface_dependent,wet_shallow
2018-01-23,13.42058,-9.019741,-33.27378,-30.01208,-65.91797,3.468917,0.0,,Oran,5.7955723,-0.22420650678701284,-0.0625723904133649,-0.006393759168926927,surface_dependent,wet_shallow
2018-01-24,13.22537,-0.5321053,-2.417113,-42.28402,-54.15738,3.230196,0.0,,Oran,4.93071,-0.22420650678701284,-0.0625723904133649,0.007842804746135634,surface_dependent,wet_shallow
2018-01-25,13.17272,-0.5060502,-13.92821,-15.7589,-59.54111,3.889987,0.0,,Oran,3.5037334,-0.22420650678701284,-0.0625723904133649,0.02207936866119775,surface_dependent,wet_shallow
2018-01-26,13.08158,23.27997,-24.09426,-27.01253,-18.42034,2.651684,0.0337071981016349,,Oran,3.2896183,-0.0893831305077633,0.07225098586588465,0.03631593257626031,deep_access,wet_deep
2018-01-27,16.46393,2.15151,-15.3082,-23.57912,-41.82149,2.996128,0.0031074594889529,,Oran,4.504935,-0.16163411637364794,0.0,0.05055249649132243,wet_inactive,wet_shallow
2018-01-28,15.25463,0.8271248,-11.99265,-31.38289,-34.80286,3.291735,0.0011949154652231,,Oran,1.027538,-0.16163411637364794,0.0,0.06478906040638499,wet_inactive,wet_shallow
2018-01-29,19.91514,-7.367548,-38.12428,-10.34409,-65.11932,2.767717,0.0,,Oran,2.1657693,-0.16163411637364794,0.0,0.07902562432144711,wet_inactive,wet_shallow
2018-01-30,18.27432,-6.511976,-12.89001,-39.70765,-69.67844,1.875009,0.0,,Oran,1.5759835,-0.16163411637364794,0.0,0.09326218823650967,wet_inactive,wet_shallow
2018-01-31,17.46534,-5.188465,-14.90908,-39.35223,-68.96513,2.40119,0.0,,Oran,2.0451934,-0.2338851022395326,-0.07225098586588466,0.10749875215157179,wet_inactive,wet_shallow
2018-02-01,16.96176,-3.019593,-10.69765,-2.257671,-34.6062,2.414306,0.0,,Oran,2.4794838,-0.2338851022395326,0.06147093491217018,0.12173531606663435,wet_inactive,wet_deep
2018-02-02,21.34723,17.60591,-7.393415,-22.69019,-7.587976,3.114707,0.0254733662387832,1.1657833745436266,Oran,3.3276212,-0.2338851022395326,0.06147093491217018,0.13597187998169646,wet_active,wet_deep
2018-02-03,18.50255,8.248698,-39.89892,-31.77858,-81.60627,3.379946,0.011890986410902,,Oran,4.6681786,-0.2646205696956177,0.030735467456085075,0.15020844389675903,wet_active,wet_deep
2018-02-04,17.40135,21.702,-45.27649,-19.18321,-44.48572,5.199723,0.0313865578121101,,Oran,2.2283895,-0.2646205696956177,0.030735467456085075,0.16444500781182114,wet_active,wet_deep
2018-02-05,18.16534,-13.47394,-4.978189,-18.26827,-3.012736,2.294024,0.0,0.0,Oran,1.7390652,-0.2646205696956177,0.030735467456085075,0.1786815717268837,wet_inactive,wet_deep
2018-02-06,20.08332,-0.7526195,-3.449187,-31.81903,-57.59619,1.68368,0.0,,Oran,1.5441107,-0.2953560371517028,0.0,0.19291813564194582,wet_inactive,wet_shallow
2018-02-07,18.81538,7.242482,-30.86247,-25.84333,-70.5683,2.685071,0.0104343703964574,,Oran,2.6552496,-0.2953560371517028,0.0,0.20715469955700838,wet_active,wet_shallow
2018-02-08,17.7168,4.152748,-0.6800516,-16.58968,-36.66954,2.840662,0.0059806508755015,,Oran,3.2017384,-0.2824406525727886,0.012915384578914169,0.2213912634720705,wet_active,wet_deep
2018-02-09,17.09179,-0.4393674,-24.97892,-23.48034,-73.22968,2.427878,0.0,,Oran,3.7430496,-0.2695252679938744,0.025830769157828393,0.23562782738713306,wet_inactive,wet_deep
2018-02-10,16.7442,-2.027942,-29.86526,-25.84079,-63.53891,2.77601,0.0,,Oran,3.7952518,-0.29173072789675536,0.0036253092549474175,0.24986439130219518,wet_inactive,wet_deep
2018-02-11,16.20463,0.1008152,-46.02843,-23.96869,-71.20564,2.961535,0.0001453599487343,,Oran,4.7836394,-0.29173072789675536,0.0036253092549474175,0.26410095521725774,wet_inactive,wet_deep
2018-02-12,16.09149,-0.8143879,-61.70264,-2.01609,-72.02903,5.006001,0.0,,Oran,2.6004276,-0.29173072789675536,0.0036253092549474175,0.27833751913231985,wet_inactive,wet_deep
2018-02-13,19.58643,5.374833,-26.09916,-34.36046,-79.76061,3.077227,0.00775534466063,,Oran,4.489963,-0.29173072789675536,0.0036253092549474175,0.2925740830473824,wet_active,wet_deep
2018-02-14,18.07839,-2.571965,-63.73287,-8.215057,-69.81225,3.903887,0.0,,Oran,4.468282,-0.3139361877996363,-0.018580150647933502,0.30681064696244453,wet_inactive,wet_shallow
2018-02-15,17.42777,-4.944764,-40.3915,-12.78794,-58.10226,3.764715,0.0,,Oran,4.024095,-0.31643222527406184,-0.021076188122359063,0.3210472108775071,wet_inactive,wet_shallow
2018-02-16,16.93081,-0.5911723,-0.3552461,-31.07082,-50.56284,2.300638,0.0,,Oran,3.1543057,-0.3186393891062025,-0.02328335195449971,0.3352837747925692,wet_inactive,wet_shallow
2018-02-17,16.8644,-1.494722,-1.932424,-39.56908,-46.80108,2.048354,0.0,,Oran,3.4781618,-0.3186393891062025,-0.02328335195449971,0.3495203387076318,wet_inactive,wet_shallow
2018-02-18,16.41259,-3.526443,-14.51347,-31.28371,-56.14736,3.303254,0.0,,Oran,2.8121874,-0.3186393891062025,-0.02328335195449971,0.3637569026226939,wet_inactive,wet_shallow
2018-02-19,15.96297,-2.683631,-14.29639,-50.58871,-60.31154,3.076264,0.0,,Oran,4.91996,-0.3186393891062025,-0.02328335195449971,0.37799346653775645,wet_inactive,wet_shallow
2018-02-20,15.69698,-0.2754068,-6.361372,-33.95934,-55.62224,3.460567,0.0,,Oran,5.224483,-0.3183505154639175,-0.02299447831221474,0.39223003045281857,wet_inactive,wet_shallow
2018-02-21,15.43749,4.290932,-49.83163,-34.16868,-80.48506,3.721097,0.0062089861220473,,Oran,5.201116,-0.3183505154639175,-0.02299447831221474,0.40646659436788113,wet_active,wet_shallow
2018-02-22,15.53491,10.91341,-21.37106,-31.17875,-30.25888,4.403464,0.0157628827802307,,Oran,4.6061287,-0.3183505154639175,-0.02299447831221474,0.42070315828294325,wet_active,wet_shallow
2018-02-23,14.91295,3.249581,-19.23675,-52.29337,-75.66388,4.927107,0.004680744694472,,Oran,4.8664756,-0.3183505154639175,-0.02299447831221474,0.43493972219800536,wet_active,wet_shallow
2018-02-24,14.25865,-2.745243,-40.39277,-29.06441,-82.09921,2.847276,0.0,,Oran,3.9300668,-0.3183505154639175,-0.02299447831221474,0.4491762861130679,surface_dependent,wet_shallow
2018-02-25,14.16223,-3.719131,-37.4746,-36.10952,-76.00416,3.698203,0.0,,Oran,5.554565,-0.3183505154639175,-0.02299447831221474,0.46341285002813004,surface_dependent,wet_shallow
2018-03-06,22.26319,53.78948,-48.61401,-15.02707,-16.45421,3.834578,0.0779715256464873,,Oran,3.9544156,-0.3089244851258581,-0.3071275399326865,0.5915419252636913,wet_active,wet_shallow
2018-03-07,22.16682,35.53233,-33.1563,-29.83314,-29.18591,3.710966,0.0514528387950556,,Oran,4.993812,-0.3089244851258581,-0.3071275399326865,0.6057784891787534,wet_active,wet_shallow
2018-03-08,19.77474,15.25936,-12.25934,-23.61495,-13.96341,5.025536,0.02211807754375,,Oran,1.7374674,-0.325081982425209,-0.32328503723203744,0.620015053093816,wet_active,wet_shallow
2018-03-09,26.17294,-15.8177,-6.946414,55.48769,0.02499025,4.567608,0.0,,Oran,5.9330535,-0.325081982425209,-0.32328503723203744,0.6342516170088781,wet_inactive,wet_shallow
2018-03-10,22.32086,1.38949,-12.4892,-35.28392,-47.00467,5.303185,0.0020224728913823,,Oran,5.923529,-0.34123947972456,-0.3394425345313884,0.6484881809239407,wet_inactive,wet_shallow
2018-03-11,19.30317,12.34725,-33.01984,-47.58926,-75.0809,5.565701,0.0179325166021648,,Oran,4.057528,-0.33931970173799486,-0.3375227565448233,0.6627247448390028,wet_active,wet_shallow
2018-03-12,21.23297,24.30799,-51.61255,-30.23899,-65.85714,4.217735,0.0352287440982666,,Oran,6.101393,-0.3373999237514297,-0.3356029785582581,0.6769613087540653,wet_active,wet_shallow
2018-03-13,19.69081,-2.607114,-22.57054,-26.46179,-68.17354,3.966431,0.0,,Oran,5.8116994,-0.3373999237514297,-0.3356029785582581,0.6911978726691275,wet_inactive,wet_shallow
2018-03-14,19.00043,-4.188128,-9.239964,-40.24292,-46.5596,3.88858,0.0,,Oran,4.9558825,-0.3373999237514297,-0.3356029785582581,0.70543443658419,wet_inactive,wet_shallow
2018-03-15,20.42495,12.70735,-23.30923,-9.007723,-15.51286,8.290451,0.0185394034348574,,Oran,4.530835,-0.3373999237514297,-0.3356029785582581,0.7196710004992521,wet_active,wet_shallow
2018-03-16,18.53932,4.442907,-10.98406,-45.79356,-36.72569,4.289242,0.0064380418681934,,Oran,4.356876,-0.3373999237514297,-0.3356029785582581,0.7339075644143147,wet_active,wet_shallow
2018-03-24,18.76319,4.613568,-10.15108,-3.347447,-8.671556,4.729564,0.006703753717391,,Oran,4.948995,-0.31430763010561746,-0.3125106849124459,0.8478000757348134,wet_active,wet_shallow
2018-03-25,19.30874,22.55891,-32.94448,-17.13132,-26.27806,5.958073,0.0327164629577408,,Oran,4.7038236,-0.31430763010561746,-0.3125106849124459,0.862036639649876,wet_active,wet_shallow
2018-03-26,18.75462,-2.554296,-26.93023,-36.06376,-66.33147,3.396033,0.0,,Oran,5.626707,-0.31430763010561746,-0.3125106849124459,0.8762732035649377,wet_inactive,wet_shallow
2018-03-27,18.49507,3.668959,-31.87848,-40.652,-72.36089,5.346999,0.0053143644832776,,Oran,8.049875,-0.3221503225138836,-0.320353377320712,0.8905097674800002,wet_active,wet_shallow
2018-03-28,18.28886,5.320082,-50.48489,-28.60109,-73.52065,7.558214,0.0077481467157256,,Oran,11.1659355,-0.3313207547169811,-0.3295238095238095,0.9047463313950628,wet_active,wet_shallow
2018-03-29,19.29485,23.14709,-71.27326,-39.44393,-79.54097,13.80033,0.0337863440436885,,Oran,8.525994,-0.3313207547169811,-0.3295238095238095,0.9189828953101253,wet_active,wet_shallow
2018-03-30,17.29857,1.520698,-35.23266,-58.23294,-62.63092,5.177164,0.0022082840408538,,Oran,4.544156,-0.3313207547169811,-0.3295238095238095,0.933219459225187,wet_inactive,wet_shallow
2018-03-31,16.9715,22.53292,-46.68571,-21.05113,-55.94613,5.688544,0.0326754796479426,,Oran,6.3183236,-0.3313207547169811,-0.3295238095238095,0.9474560231402496,wet_active,wet_shallow
2018-04-01,17.57302,9.964525,-47.29769,-32.30995,-72.1704,6.380921,0.0144511550316176,,Oran,8.085627,-0.3313207547169811,-0.37109348198970826,0.9616925870553121,wet_active,wet_shallow
2018-04-09,21.9924,5.840447,-11.6046,-24.87868,-29.33124,5.457509,0.0084803558701924,,Oran,5.6384807,-0.2628099173553719,-0.3025826446280991,1.0755850983758108,wet_active,wet_shallow
2018-04-10,20.69301,11.24032,-12.01437,-40.63194,-17.77826,3.835555,0.0162666457631104,0.4918385135348005,Oran,3.254712,-0.2628099173553719,-0.3025826446280991,1.0898216622908725,wet_active,wet_shallow
2018-04-11,24.86421,7.908362,-34.13645,-59.92479,-66.25726,3.498045,0.0114240682215434,,Oran,3.7046044,-0.2628099173553719,-0.3025826446280991,1.104058226205935,wet_active,wet_shallow
2018-04-12,23.41838,28.43336,-69.2965,-27.40413,-66.18296,5.500546,0.0412140896006996,,Oran,5.1289563,-0.2628099173553719,-0.3025826446280991,1.1182947901209976,wet_active,wet_shallow
2018-04-13,23.06313,0.6770649,-0.8769327,-27.0607,-14.84741,3.90569,0.0009813111559697,0.05543673326351867,Oran,4.9430747,-0.2628099173553719,-0.3025826446280991,1.1325313540360602,wet_inactive,wet_shallow
2018-04-14,22.00549,2.915002,-5.998076,-22.89026,-18.67416,3.971149,0.0042242154372547,,Oran,6.845585,-0.26310958762698794,-0.3028823148997151,1.1467679179511219,wet_active,wet_shallow
2018-04-15,23.32008,1.474061,-19.9033,-59.79396,-73.13103,6.224285,0.0021422416389262,,Oran,6.982243,-0.24719329989958944,-0.2869660271723166,1.1610044818661844,wet_inactive,wet_shallow
2018-04-16,22.22882,1.547006,-18.80735,-40.5623,-51.12085,5.732995,0.0022516689139333,,Oran,6.588907,-0.24719329989958944,-0.2869660271723166,1.175241045781247,wet_inactive,wet_shallow
2018-04-17,21.80618,-6.544851,-15.91367,-50.8623,-72.67998,6.110966,0.0,,Oran,9.597884,-0.24719329989958944,-0.2869660271723166,1.1894776096963096,wet_inactive,wet_shallow
2018-04-18,20.85701,3.539142,-25.25217,-58.05894,-72.12383,5.823685,0.0051509417989246,,Oran,11.468944,-0.24719329989958944,-0.2869660271723166,1.2037141736113712,wet_active,wet_shallow
2018-04-19,20.05533,9.842081,-34.82193,-58.47033,-77.17498,8.310847,0.0143412555416722,,Oran,9.130441,-0.22811810568123295,-0.26789083295396016,1.2179507375264338,wet_active,wet_shallow
2018-04-20,19.57421,-1.676638,-16.70186,-44.10525,-71.37231,4.650783,0.0,,Oran,6.258822,-0.225258869461891,-0.2650315967346182,1.2321873014414964,wet_inactive,wet_shallow
2018-04-21,19.39403,-4.193291,-20.21998,-40.42872,-68.04308,4.365881,0.0,,Oran,7.7920604,-0.1357648391089767,-0.1755375663817039,1.246423865356559,wet_inactive,wet_shallow
2018-04-22,19.07008,4.639975,-11.49745,-25.56444,-31.6008,7.000927,0.0067611535956667,,Oran,12.20153,-0.1357648391089767,-0.1755375663817039,1.2606604292716206,wet_active,wet_shallow
2018-04-23,18.85987,12.72677,-33.88214,-41.03186,-51.68511,9.25794,0.0185560349960025,,Oran,14.065102,-0.1357648391089767,-0.1755375663817039,1.2748969931866831,wet_active,wet_shallow
2018-04-24,18.42981,2.256063,-4.171009,-47.62882,-39.47809,7.657723,0.0032836490439331,,Oran,13.43594,-0.1357648391089767,-0.1755375663817039,1.2891335571017457,wet_inactive,wet_shallow
2018-04-25,17.91967,2.124676,5.838824,-52.31365,-61.19189,9.367874,0.0030972505179068,,Oran,10.67216,-0.0462708087560624,-0.0860435360287896,1.3033701210168083,wet_inactive,wet_shallow
2018-04-26,17.51826,0.2630857,-14.84465,-53.00715,-55.16465,7.795435,0.0003832225689397,,Oran,10.438277,-0.0462708087560624,-0.0860435360287896,1.31760668493187,wet_inactive,wet_shallow
2018-04-27,17.14911,10.67091,-18.84994,-30.47984,-35.10115,6.827979,0.0155758485461834,,Oran,10.471249,-0.08845812457183636,-0.12823085184456356,1.3318432488469325,wet_active,wet_shallow
2018-04-28,16.80834,-0.2990535,-6.117523,-59.48571,-62.67593,9.215331,0.0,,Oran,11.486028,-0.08845812457183636,-0.12823085184456356,1.346079812761995,wet_inactive,wet_shallow
2018-04-29,16.76308,30.26378,-37.53271,-57.93782,-48.37158,10.3623,0.0440864137283037,,Oran,6.7947903,-0.08845812457183636,-0.12823085184456356,1.3603163766770576,wet_active,wet_shallow
2018-04-30,16.5574,6.195327,-23.72959,-37.78705,-50.47826,5.538726,0.0089889359945928,,Oran,6.1295815,-0.08845812457183636,-0.12823085184456356,1.3745529405921193,wet_active,wet_shallow
2018-05-01,15.80755,-1.022862,-8.82122,-70.8728,-52.34713,5.166253,0.0,0.0,Oran,7.12485,-0.1306454403876103,-0.09542294892945466,1.3887895045071819,wet_inactive,wet_shallow
2018-05-02,16.11521,6.506879,-50.68514,-55.29048,-85.31748,7.615234,0.0094474923461434,,Oran,10.049661,-0.12844973136170215,-0.0932272399035465,1.4030260684222444,wet_active,wet_shallow
2018-05-03,15.9376,14.31378,-26.44626,-34.90517,-36.55392,10.57755,0.0208393084192578,,Oran,11.450902,-0.12844973136170215,-0.0932272399035465,1.417262632337307,wet_active,wet_shallow
2018-05-04,15.51512,1.923469,-9.18323,-42.91725,-53.95281,8.907709,0.0027967493111612,,Oran,10.4952135,-0.12947189097103914,-0.0942493995128835,1.4314991962523687,wet_inactive,wet_shallow
2018-05-05,15.15674,-6.180347,-12.66391,-34.013,-32.2209,9.584798,0.0,,Oran,8.916303,-0.1326897596062843,-0.09746726814812864,1.4457357601674312,wet_inactive,wet_shallow
2018-05-06,15.09978,1.683599,-15.56614,-26.15185,-30.23899,7.83911,0.0024547169704338,,Oran,8.076286,-0.07799969878148565,-0.04277720732333,1.4599723240824938,wet_inactive,wet_shallow
2018-05-07,14.86044,-1.722037,-10.30599,-55.27588,-61.64763,7.058251,0.0,,Oran,9.451184,-0.07799969878148565,-0.04277720732333,1.4742088879975563,wet_inactive,wet_shallow
2018-05-08,14.5372,4.894774,-30.96597,-55.91685,-63.73471,8.783264,0.0071388871378231,,Oran,7.4321933,-0.07799969878148565,-0.04277720732333,1.488445451912618,wet_active,wet_shallow
2018-05-09,14.31595,1.471446,-9.897772,-47.38302,-59.86781,8.868719,0.0021472195255222,,Oran,8.116477,-0.07799969878148565,-0.04277720732333,1.5026820158276806,wet_inactive,wet_shallow
2018-05-10,15.91773,183.0164,-53.23566,-26.0127,-48.16372,2.710005,0.267706233770138,,Oran,4.570046,-0.023309637956687,0.011912853501468645,1.5169185797427431,wet_active,wet_deep
2018-05-11,20.25071,13.2752,-18.55126,-35.8889,-27.89622,6.329331,0.0193738595884566,,Oran,7.4189663,-0.023309637956687,0.011912853501468645,1.5311551436578057,wet_active,wet_deep
2018-05-12,18.15173,0.7929831,-29.89313,-46.4651,-79.12655,7.040524,0.0011593169516965,,Oran,10.775311,-0.02434705540598845,0.010875436052167196,1.5453917075728674,wet_inactive,wet_deep
2018-05-13,16.6943,18.70006,-61.34039,-67.68105,-87.31606,10.93842,0.0272346835738004,,Oran,11.40897,-0.02434705540598845,0.010875436052167196,1.55962827148793,wet_active,wet_deep
2018-05-14,15.71007,3.292801,-14.15749,-57.78484,-71.64793,8.806185,0.0047822211069791,,Oran,11.195359,-0.0253844728552899,0.009838018602865747,1.5738648354029925,wet_active,wet_deep
2018-05-15,15.14208,0.7694262,-5.577255,-56.96653,-67.85691,7.997027,0.0011188615939429,,Oran,10.6893,-0.0351508652692525,7.162618890314831e-05,1.588101399318055,wet_inactive,wet_deep
2018-05-16,14.70461,0.4736001,-33.32662,-54.83688,-73.34344,6.635657,0.0006896374647285,,Oran,10.934667,-0.04577563120052605,-0.010553139742370404,1.6023379632331167,wet_inactive,wet_shallow
2018-05-17,14.27594,4.363115,-32.01641,-55.47675,-80.15887,8.401951,0.0063486243352668,,Oran,10.532857,-0.046634004717837,-0.011411513259681351,1.6165745271481793,wet_active,wet_shallow
2018-05-18,13.96218,-1.26392,-17.25864,-48.72788,-72.9534,6.451927,0.0,,Oran,9.2050905,-0.046634004717837,-0.011411513259681351,1.6308110910632418,surface_dependent,wet_shallow
2018-05-19,14.03998,5.890856,-15.14034,-51.85782,-54.42413,6.945859,0.0085875874669569,,Oran,10.770143,-0.046634004717837,-0.011411513259681351,1.6450476549783035,deep_access,wet_shallow
2018-05-20,14.06021,-4.012486,-16.03613,-52.61992,-73.81243,6.009245,0.0,,Oran,10.036334,-0.046634004717837,-0.011411513259681351,1.659284218893366,surface_dependent,wet_shallow
2018-05-21,13.68181,0.721861,-12.71772,-51.06627,-57.06509,6.971464,0.0010515703755499,,Oran,10.396478,-0.046634004717837,-0.011411513259681351,1.6735207828084286,surface_dependent,wet_shallow
2018-06-08,20.70376,5.985269,-9.35731,-40.45402,-35.23687,8.000445,0.0087448212213708,,Oran,11.318104,0.0982730263157894,0.20213804469200047,1.9297789332795503,wet_active,wet_deep
2018-06-09,20.10728,-1.310994,-10.43805,-46.71278,-62.29219,7.827626,0.0,,Oran,5.443022,0.0982730263157894,0.20213804469200047,1.9440154971946129,wet_inactive,wet_deep
2018-06-10,19.31913,8.234251,-6.104215,-26.55643,-26.37343,7.59088,0.0120254468067153,,Oran,9.284265,0.0982730263157894,0.20213804469200047,1.9582520611096754,wet_active,wet_deep
2018-06-11,18.12088,24.66643,-31.76591,-41.75544,-42.6521,9.609831,0.0360486661662565,,Oran,10.444968,0.0982730263157894,0.20213804469200047,1.972488625024738,wet_active,wet_deep
2018-06-12,17.21846,19.00016,-48.95163,-47.57072,-74.56879,9.995448,0.0277423873340033,,Oran,11.949375,0.0982730263157894,0.20213804469200047,1.9867251889397997,wet_active,wet_deep
2018-06-13,16.25607,10.29661,-11.48014,-26.81761,-46.66739,11.326,0.0150752939186056,,Oran,12.83165,0.09613469387347989,0.199999712249691,2.000961752854862,wet_active,wet_deep
2018-06-14,15.36852,0.2048523,-4.64227,-55.14289,-63.26291,7.846779,0.0002985765605496,,Oran,13.760928,0.07847966219706665,0.18234468057327774,2.015198316769925,wet_inactive,wet_deep
2018-06-15,14.60962,3.703473,-9.556291,-48.35411,-63.81151,11.84109,0.0054141439786366,,Oran,15.887282,0.059129964073177554,0.16299498244938865,2.0294348806849873,wet_active,wet_deep
2018-06-16,13.85487,25.43521,-62.20465,-43.43929,-75.79042,12.93625,0.0373137986890603,,Oran,16.157393,0.04049988821418605,0.14436490659039714,2.043671444600049,deep_access,wet_deep
2018-06-17,13.17099,29.98345,-63.94013,-42.69076,-66.39789,14.51155,0.0439739970227837,,Oran,18.357729,0.04049988821418605,0.14436490659039714,2.0037344280628817,deep_access,wet_deep
2018-06-18,12.4235,25.86604,-61.15606,-45.15723,-74.93163,14.79679,0.0379681275290272,,Oran,17.158648,0.0204811106072305,0.12434612898344159,1.9637974115257142,deep_access,wet_deep
2018-06-19,11.73182,13.80744,-48.76297,-45.51202,-74.52677,11.82363,0.0202495297820967,,Oran,15.339611,0.0088599334557423,0.1127249518319534,1.9238603949885469,deep_access,wet_deep
2018-06-20,11.20614,15.19088,-48.26004,-43.81321,-76.02391,11.18801,0.0222579804629199,,Oran,17.041431,0.0011416231192385036,0.1050066414954496,1.8839233784513796,deep_access,wet_deep
2018-06-21,10.57022,10.37146,-35.12368,-40.92447,-72.50991,13.13344,0.015201413582936,,Oran,18.893587,-0.021595958292939695,0.0822690600832714,1.8439863619142123,deep_access,wet_deep
2018-06-22,9.882588,18.25769,-54.07931,-45.92792,-81.03407,15.27375,0.0268013498602594,,Oran,21.655329,-0.021595958292939695,0.0822690600832714,1.8040493453770448,deep_access,deep_access
2018-06-23,9.196717,17.44097,-55.50639,-47.15502,-79.71489,15.40668,0.0256020188848425,,Oran,21.953455,-0.044797556268348346,0.05906746210786275,1.7641123288398775,deep_access,deep_access
2018-06-24,8.678734,12.64288,-49.82183,-41.90653,-73.95512,14.53049,0.018565290032893,,Oran,20.288553,-0.05866305227554665,0.045201966100664445,1.7241753123027102,deep_access,deep_access
2018-06-25,8.194376,12.37656,-36.2774,-41.94429,-71.53586,13.64404,0.0181943202490939,,Oran,19.191736,-0.0668701582234618,0.03699486015274929,1.6842382957655428,deep_access,deep_access
2018-06-26,7.821902,9.962101,-26.47872,-38.2738,-62.34957,13.50161,0.0146464689630668,,Oran,19.106104,-0.1036149380287824,0.00025008034742869667,1.6443012792283753,deep_access,deep_access
2018-06-27,7.499458,11.31786,-36.34447,-42.63927,-67.01509,17.79055,0.0166237364701581,,Oran,19.740545,-0.1036149380287824,0.00025008034742869667,1.604364262691208,deep_access,deep_access
2018-06-28,7.136574,6.618547,-34.3022,-40.62463,-69.82109,16.39743,0.0097293578161469,,Oran,16.883715,-0.1036149380287824,0.00025008034742869667,1.5644272461540405,deep_access,deep_access
2018-06-29,7.271284,9.217193,-14.24064,-42.6305,-54.09328,13.28222,0.0135380108746695,,Oran,13.96378,-0.1036149380287824,0.00025008034742869667,1.5244902296168732,deep_access,deep_access
2018-06-30,7.048399,-1.382324,-21.11653,-42.39489,-70.63814,9.878325,0.0,,Oran,16.873192,-0.14246820256284484,-0.03860318418663375,1.484553213079706,surface_dependent,true_drought
2018-11-30,19.58498,32.55184,-60.28829,-26.23504,-38.57904,10.60426,0.0473684371360813,,Oran,3.4610023,-0.2056451612903226,0.07846051216138802,0.7107155731540639,wet_active,wet_deep
2018-12-01,19.59196,0.487145,-35.99396,-35.01772,-79.56255,6.218781,0.0007055942294647,,Oran,4.2565694,-0.2056451612903226,0.07402746221028136,0.7822191060143134,wet_inactive,wet_deep
2018-12-02,19.34492,-0.3378513,-11.30425,-42.71509,-54.83144,5.821142,0.0,,Oran,5.320555,-0.2056451612903226,0.07402746221028136,0.853722638874563,wet_inactive,wet_deep
2018-12-03,19.18926,-7.581576,1.009435,-37.43732,-46.84665,5.450973,0.0,,Oran,5.678448,-0.2056451612903226,0.07402746221028136,0.9252261717348126,wet_inactive,wet_deep
2018-12-04,19.11321,1.178984,-0.6864726,-37.87757,-44.9708,5.268501,0.0017038353274038,,Oran,4.957467,-0.2056451612903226,0.07402746221028136,0.9967297045950622,wet_inactive,wet_deep
2018-12-05,19.12397,1.11376,0.8851815,-42.27411,-51.81392,6.473386,0.0016156174548783,,Oran,4.7446017,-0.2056451612903226,0.07402746221028136,1.068233237455312,wet_inactive,wet_deep
2018-12-06,18.71123,0.6436281,7.602118,-38.6135,-52.17239,7.5425,0.0009351767142704,,Oran,3.9590874,-0.19174036420187263,0.08793225929873133,1.1397367703155616,wet_inactive,wet_deep
2018-12-07,18.41073,-0.8437678,-5.007744,-41.38727,-55.84272,6.667763,0.0,,Oran,3.482455,-0.1758233071225036,0.10384931637810035,1.2112403031758112,wet_inactive,wet_deep
2018-12-08,18.20097,-1.332106,-18.25913,-17.02769,-67.03671,5.997524,0.0,,Oran,3.6346655,-0.16735665138534112,0.11231597211526284,1.2827438360360608,wet_inactive,wet_deep
2018-12-09,18.05611,1.073873,-19.3361,-26.96155,-61.70586,8.26256,0.0015603919362143,,Oran,5.1499,-0.16735665138534112,0.11231597211526284,1.3542473688963104,wet_inactive,wet_deep
2018-12-10,17.85916,0.7947737,-34.12558,-37.87444,-69.75778,8.85117,0.0011555316413827,,Oran,5.4076576,-0.16735665138534112,0.11231597211526284,1.42575090175656,wet_inactive,wet_deep
2018-12-11,17.36567,1.970087,-24.47849,-40.19609,-61.37629,7.343812,0.0028524850152612,,Oran,3.4092276,-0.16735665138534112,0.11231597211526284,1.4972544346168095,wet_inactive,wet_deep
2018-12-12,17.34613,-5.996695,-23.64465,-27.79196,-64.56617,6.299128,0.0,,Oran,3.2813962,-0.1609022556390977,0.11877036786150624,1.568757967477059,wet_inactive,wet_deep
2018-12-13,17.50889,3.231255,-15.89738,-7.074932,-24.06304,6.921216,0.0046938341696072,,Oran,2.3758116,-0.1298452539234716,0.14982736957713236,1.640261500337309,wet_active,wet_deep
2018-12-14,25.63655,36.24367,-59.99269,-32.44434,-50.33001,6.55911,0.0525008709423922,,Oran,3.8059475,-0.1298452539234716,0.14982736957713236,1.7117650331975587,wet_active,wet_deep
2018-12-15,22.76036,0.5463542,-44.73027,-26.5743,-77.98158,5.685087,0.0007908962424614,,Oran,3.9254358,-0.1298452539234716,0.14982736957713236,1.7832685660578083,wet_inactive,wet_deep
2018-12-16,22.11787,-10.08072,-3.343085,-37.0183,-28.63228,6.249058,0.0,,Oran,3.6621797,-0.1298452539234716,0.14982736957713236,1.8547720989180578,wet_inactive,wet_deep
2018-12-17,21.74151,-1.757285,-47.72758,-19.52373,-68.99454,6.140752,0.0,,Oran,3.593208,-0.0930344769811157,0.18663814651948826,1.9001913053823967,wet_inactive,wet_deep
2018-12-18,21.0754,7.897697,-54.42643,-29.56773,-79.1886,6.07966,0.0114327237721618,,Oran,2.3488286,-0.0872807017543859,0.19239192174621805,1.8741069789864855,wet_active,wet_deep
2018-12-19,21.00867,2.980868,-12.14531,-10.20671,-19.09088,6.059484,0.0043223467278471,,Oran,3.89797,-0.0872807017543859,0.19239192174621805,1.8480226525905745,wet_active,wet_deep
2018-12-20,20.69468,-2.53156,-16.6956,-32.46871,-46.68365,5.537959,0.0,,Oran,3.07796,-0.0872807017543859,0.19239192174621805,1.8219383261946636,wet_inactive,wet_deep
2018-12-21,20.31432,-0.993448,-9.99827,-45.73261,-57.72795,5.237542,0.0,,Oran,2.6162593,-0.0872807017543859,0.19239192174621805,1.7958539997987524,wet_inactive,wet_deep
2018-12-22,20.29945,-7.341483,-1.682008,-10.58389,-7.067324,5.160325,0.0,,Oran,2.1507528,-0.0589299995001749,0.22074262400042904,1.7697696734028414,wet_inactive,wet_deep
2018-12-23,20.7298,-12.27898,3.566402,-42.95178,-12.68169,5.619968,0.0,0.0,Oran,2.300908,-0.0305792972459639,0.24909332625464006,1.7436853470069305,wet_inactive,wet_deep
2018-12-24,20.44755,-0.8464658,-0.7977025,-36.67507,-27.54775,4.790743,0.0,,Oran,3.2482507,-0.0305792972459639,0.24909332625464006,1.7176010206110193,wet_inactive,wet_deep
2018-12-25,20.16608,1.092842,-4.709044,-38.32932,-56.21889,5.174348,0.0015781934878272,,Oran,2.761282,-0.0305792972459639,0.24909332625464006,1.6915166942151083,wet_inactive,wet_deep
2018-12-26,19.99331,-1.599787,-44.96318,-16.69621,-76.08651,5.865054,0.0,,Oran,1.9109154,-0.0305792972459639,0.24909332625464006,1.6654323678191973,wet_inactive,wet_deep
2018-12-27,19.63584,1.446154,4.247402,-26.50726,-38.19501,4.967425,0.0020899244622698,,Oran,2.5098164,-0.03338488671822,0.24628773678238397,1.6393480414232862,wet_inactive,wet_deep
2018-12-28,19.28738,-3.340184,-1.241747,-44.10638,-52.31504,4.541425,0.0,,Oran,1.7175426,-0.030570087189805452,0.2491025363107985,1.6132637150273752,wet_inactive,wet_deep
2018-12-29,19.2935,-1.150748,-4.093013,-7.467667,-6.39021,4.749465,0.0,,Oran,1.7478155,-0.030570087189805452,0.2491025363107985,1.5871793886314642,wet_inactive,wet_deep
2018-12-30,19.17041,-4.621934,-17.35683,-27.17097,-64.25826,5.403043,0.0,,Oran,2.9160423,-0.01896835558807385,0.2607042679125301,1.561095062235553,wet_inactive,wet_deep
2018-12-31,18.72251,-0.5745167,-2.109332,-37.32757,-61.82126,4.674147,0.0,,Oran,5.36116,-0.02199166147505625,0.2576809620255477,1.535010735839642,wet_inactive,wet_deep
2019-01-01,18.41745,-2.634061,-6.31637,-28.45105,-62.43056,5.46944,0.0,,Oran,4.3753195,-0.032967812944036,0.12866630342961194,1.5089264094437311,wet_inactive,wet_deep
2019-01-02,18.07993,0.1018942,3.265463,-39.99978,-54.54841,5.036284,0.0001467738524087,,Oran,4.6043963,-0.018704225863720753,0.1429298905099272,1.4828420830478202,wet_inactive,wet_deep
2019-01-03,17.643,-0.1886032,-2.009441,-36.31033,-58.59409,4.466123,0.0,,Oran,2.4331796,-0.018704225863720753,0.1429298905099272,1.4567577566519092,wet_inactive,wet_deep
2019-01-04,17.67865,-8.569526,-24.65217,-27.0594,-58.45587,5.334974,0.0,,Oran,2.4101274,-0.0038232543825384505,0.1578108619911095,1.430673430255998,wet_inactive,wet_deep
2019-01-05,17.33706,0.8213899,9.638518,-35.77147,-61.36291,4.661295,0.0011813243280601,,Oran,3.979647,-0.02182978188133965,0.13980433449230828,1.404589103860087,wet_inactive,wet_deep
2019-01-06,17.4771,17.15191,-75.43874,-19.27795,-79.06351,10.29067,0.0248910085500405,,Oran,6.1123757,-0.038609818499031404,0.12302429787461654,1.378504777464176,wet_active,wet_deep
2019-01-07,16.84077,0.2432683,1.759204,-40.42558,-54.8059,6.594767,0.0003510618370733,,Oran,5.050287,-0.05085257051640755,0.1107815458572404,1.352420451068265,wet_inactive,wet_deep
2019-01-08,16.62207,1.671046,-7.138963,-29.94546,-60.514,6.110764,0.0024100987714267,,Oran,3.4687479,-0.05085257051640755,0.1107815458572404,1.326336124672354,wet_inactive,wet_deep
2019-01-09,16.75948,12.86141,-72.30104,-9.943444,-71.19885,9.831902,0.0186605036042549,,Oran,5.1557174,-0.06518048683612215,0.09645362953752579,1.300251798276443,wet_active,wet_deep
2019-01-10,16.44413,3.711469,-53.38392,-29.63177,-79.93483,7.013247,0.0053691641186358,,Oran,4.537308,-0.041562999680333,0.12007111669331494,1.2741674718805318,wet_active,wet_deep
2019-01-13,15.29128,0.1363789,-29.32799,-13.87856,-66.04964,6.8564,0.0001971428020742,,Oran,3.9089725,-0.04329610858629715,0.11833800778735079,1.1959144926927987,wet_inactive,wet_deep
2019-01-14,15.82763,9.515256,-68.48072,-8.610364,-70.62286,9.163312,0.0138083147569319,,Oran,5.272803,-0.0747193989149676,0.08691471745868035,1.1698301662968877,wet_active,wet_deep
2019-01-15,15.3787,1.242899,-42.08268,-30.15806,-67.97556,8.066445,0.001801586481608,,Oran,3.591596,-0.056908727867860456,0.10472538850578748,1.1437458399009768,wet_inactive,wet_deep
2019-01-16,15.10142,-6.637539,-41.17331,-17.96171,-69.68379,6.131246,0.0,,Oran,2.6221097,-0.037802550014013295,0.12383156635963465,1.1176615135050656,wet_inactive,wet_deep
2019-01-17,15.04976,-3.877231,-23.18569,-23.21148,-63.21802,5.494079,0.0,,Oran,2.7434604,-0.0448160514973196,0.11681806487632834,1.0537227504992415,wet_inactive,wet_deep
2019-01-18,15.00155,-4.448015,-11.24133,-40.82626,-54.96381,5.58264,0.0,,Oran,4.4384723,-0.0448160514973196,0.11681806487632834,1.0158683138893285,wet_inactive,wet_deep
2019-01-19,14.76525,2.856312,-19.43813,-29.39795,-39.05716,6.943618,0.0041312120811576,,Oran,3.2654736,-0.0504794644472589,0.11115465192638904,0.9780138772794154,wet_active,wet_deep
2019-01-20,15.94057,-260.5045,-4.522551,5.420039,-4.935519,-7.986416,0.0,,Oran,2.992604,-0.02257648503483485,0.1390576313388131,0.9401594406695023,wet_inactive,wet_deep
2019-01-21,18.6903,0.8575526,-34.7889,-32.62975,-76.95263,5.298938,0.0012390006248803,,Oran,4.247131,0.0053264943775892,0.16696061075123714,0.9023050040595892,wet_inactive,wet_deep
2019-01-22,17.68924,-0.3583406,-21.77309,-35.40307,-76.51246,5.063155,0.0,,Oran,3.2879097,0.0018059083684928497,0.16344002474214078,0.8644505674496762,wet_inactive,wet_deep
2019-01-23,18.52603,37.09369,-39.79525,-17.87717,-42.44929,-7.226154,0.0535845623243187,,Oran,4.340624,0.0018059083684928497,0.16344002474214078,0.8265961308397631,wet_active,wet_deep
2019-02-28,12.30424,0.4983397,-0.786867,-44.30325,-54.48742,10.1378,0.0007226832717878,,Oran,11.37706,0.13225511638854248,0.42761115354024526,-0.7729406014618876,surface_dependent,wet_deep
2019-03-01,12.34546,0.5461943,-3.125584,-27.81192,-37.5184,10.91923,0.0007940396652457,,Oran,11.683526,0.1301297790249035,0.1319267242180751,-0.8277076819535706,surface_dependent,wet_deep
2019-03-02,13.2632,7.756677,-51.65096,-13.8852,-60.12675,13.36486,0.0113222386570976,,Oran,10.492669,0.20053555799812706,0.20233250319129867,-0.8824747624452537,deep_access,wet_deep
2019-03-03,12.98799,2.077264,-39.9054,-29.73171,-62.53558,11.03635,0.0030213638205625,,Oran,12.45268,0.20053555799812706,0.20233250319129867,-0.9372418429369368,surface_dependent,wet_deep
2019-03-04,12.90057,1.442015,-6.224716,-38.28979,-54.84346,10.68407,0.002096322750874,,Oran,9.277526,0.20053555799812706,0.20233250319129867,-0.9920089234286198,surface_dependent,wet_deep
2019-03-05,12.7626,1.226995,-0.9607154,-16.11187,-28.63691,8.777827,0.0017851708007072,,Oran,5.988491,0.20053555799812706,0.20233250319129867,-1.0467760039203027,surface_dependent,wet_deep
2019-03-06,14.74471,2.344945,-13.49964,-36.36443,-42.77449,7.492172,0.0034103123769125,,Oran,4.9497137,0.2709413369713506,0.27273828216452217,-1.1015430844119858,wet_inactive,wet_deep
2019-03-07,14.02552,16.96645,-58.83828,-40.76255,-79.61841,7.094113,0.0246187213498389,,Oran,6.2314186,0.2709413369713506,0.27273828216452217,-1.156310164903669,deep_access,wet_deep
2019-03-08,13.08206,8.055475,-44.43103,-50.72329,-73.33237,7.685975,0.0116768296365731,,Oran,5.629434,0.21380722554563658,0.2156041707388082,-1.211077245395352,deep_access,wet_deep
2019-03-09,12.77796,0.6744488,1.383203,-44.96635,-54.51552,5.722574,0.000974847913867,,Oran,8.595595,0.21380722554563658,0.2156041707388082,-1.265844325887035,surface_dependent,wet_deep
2019-03-10,12.62358,0.7761318,10.03703,-39.85668,-49.41837,8.528786,0.0011268224092143,,Oran,10.6288595,0.1555463547170433,0.15734329991021492,-1.3206114063787182,surface_dependent,wet_deep
2019-03-11,13.34186,5.797077,-49.26762,-26.24263,-67.52211,13.64321,0.0084726231200008,,Oran,8.741501,0.16945888675943374,0.17125583195260535,-1.375378486870401,deep_access,wet_deep
2019-03-12,13.06032,-2.545603,-44.80585,-33.07448,-79.95837,7.154615,0.0,,Oran,10.536141,0.17907120533623266,0.18086815052940428,-1.4301455673620842,surface_dependent,wet_deep
2019-03-13,12.81077,16.04829,-128.1386,-14.17388,-79.59365,11.486,0.0234383019741307,,Oran,8.832604,0.17394266369834835,0.17573960889151996,-1.4849126478537673,deep_access,wet_deep
2019-03-14,11.61093,4.387584,-30.88271,-37.6305,-77.54288,8.80638,0.0063611964377981,,Oran,9.65132,0.17394266369834835,0.17573960889151996,-1.5396797283454504,deep_access,wet_deep
2019-03-15,12.26535,5.457529,-39.39835,-33.28186,-80.24522,12.42163,0.0079390355458557,,Oran,13.213004,0.17263754463160624,0.17443448982477786,-1.5944468088371335,deep_access,wet_deep
2019-03-16,12.10959,7.758433,-55.22581,-27.54611,-77.86795,14.04705,0.0113184044699221,,Oran,13.907413,0.17315993964879095,0.17495688484196256,-1.6492138893288164,deep_access,wet_deep
2019-03-17,11.85205,9.961744,-58.43881,-31.64779,-81.80603,14.23268,0.0145374040342989,,Oran,13.65606,0.17379042697510488,0.1755873721682765,-1.687013586807878,deep_access,wet_deep
2019-03-18,11.56041,5.224684,-62.87798,-30.54996,-83.00676,13.42715,0.0076170642277627,,Oran,4.8782654,0.11753106154632109,0.11932800673949269,-1.6700462037952564,deep_access,wet_deep
2019-03-19,11.4811,-3.422586,-32.6277,-33.39703,-78.09756,6.190275,0.0,,Oran,6.2661395,0.11753106154632109,0.11932800673949269,-1.6530788207826348,surface_dependent,wet_deep
2019-03-20,11.40338,-0.07926756,-17.31862,-23.41765,-49.34625,7.107704,0.0,,Oran,4.4409304,0.11753106154632109,0.11932800673949269,-1.6361114377700132,surface_dependent,wet_deep
2019-03-21,10.82663,3.992999,-14.21038,-32.09021,-35.98062,8.572783,0.0057909485889423,,Oran,5.7938786,0.11753106154632109,0.11932800673949269,-1.6191440547573916,deep_access,wet_deep
2019-03-22,10.31965,2.623643,6.93443,-28.12385,-64.95919,6.788075,0.0037920476768419,,Oran,6.0463657,0.0627671541057367,0.0645640992989083,-1.60217667174477,deep_access,wet_deep
2019-03-23,10.71308,-0.3522849,-1.151191,-54.40928,-57.21812,7.494243,0.0,,Oran,4.957696,0.09576007364524261,0.09755701883841421,-1.5852092887321485,surface_dependent,wet_deep
2019-03-24,10.28059,-9.721439,-16.39666,-41.59718,-55.20854,6.232802,0.0,,Oran,7.5085907,0.09576007364524261,0.09755701883841421,-1.568241905719527,surface_dependent,wet_deep
2019-03-25,10.91946,0.2591223,-12.71375,-40.83918,-63.5294,7.74049,0.0003755087263364,,Oran,9.85965,0.12239149123714396,0.12418843643031556,-1.5512745227069056,surface_dependent,wet_deep
2019-03-26,10.74895,0.3036993,-20.05086,-47.81165,-68.8847,10.73682,0.0004413907887135,,Oran,7.086778,0.1262532080442734,0.128050153237445,-1.534307139694284,surface_dependent,wet_deep
2019-03-27,10.57264,-0.9081076,-36.83391,-47.47406,-72.5922,6.860891,0.0,,Oran,7.200174,0.13690626032842018,0.1387032055215918,-1.5173397566816624,surface_dependent,wet_deep
2019-03-28,10.39941,-0.1794323,-6.251475,-60.0435,-67.54015,7.831593,0.0,,Oran,7.5352387,0.12372168893908025,0.12551863413225187,-1.5003723736690409,surface_dependent,wet_deep
2019-03-29,10.25334,1.333739,-42.00876,-40.88779,-84.50368,9.144987,0.0019333489027958,,Oran,5.7513733,0.12372168893908025,0.12551863413225187,-1.4834049906564193,surface_dependent,wet_shallow
2019-03-30,10.19275,-1.834324,-42.41437,-38.46459,-77.78808,7.362079,0.0,,Oran,5.222466,0.1101072840203275,0.1119042292134991,-1.4664376076437977,surface_dependent,wet_shallow
2019-03-31,10.14648,1.985298,-15.99303,-31.4321,-48.69901,7.55643,0.0028836190159563,,Oran,0.51821697,0.1189425308990526,0.1207394760922242,-1.4494702246311761,surface_dependent,wet_shallow
2019-04-01,25.2065,3.81017,-0.626061,-11.43459,-3.848785,6.039081,0.0055374632073464,,Oran,1.6099873,0.1189425308990526,0.07916980362632539,-1.4325028416185546,wet_active,wet_deep
2019-04-03,24.63044,-0.088815,-18.80371,-38.87954,-40.93722,7.011864,0.0,,Oran,8.779068,0.1189425308990526,0.07916980362632539,-1.3985680755933114,wet_inactive,wet_deep
2019-04-04,21.65389,12.55895,-45.91774,-49.98019,-81.73793,9.005399,0.0182429007087791,,Oran,7.092503,0.12678824991125304,0.08701552263852583,-1.3816006925806898,wet_active,wet_deep
2019-04-05,19.51766,1.153261,-35.53278,-45.69559,-83.68774,6.100559,0.0016730914398596,,Oran,3.4292567,0.1257987220447284,0.08602599477200118,-1.3646333095680683,wet_inactive,wet_deep
2019-04-06,20.02887,3.536772,-21.33797,-39.61619,-56.85735,5.791425,0.0051162449198711,,Oran,3.9126441,0.1351630175432269,0.0953902902704997,-1.3476659265554467,wet_active,wet_deep
2019-04-07,19.16117,13.14952,-55.00473,-39.52477,-82.11942,6.354861,0.0190451229790974,,Oran,4.345698,0.1351630175432269,0.0953902902704997,-1.3306985435428254,wet_active,wet_deep
2019-04-08,23.06562,1.711053,-0.3872331,-15.19644,-9.720674,5.62481,0.0024848426710384,,Oran,4.876489,0.1351630175432269,0.0953902902704997,-1.3137311605302036,wet_inactive,wet_deep
2019-04-09,23.78637,26.65967,-25.30236,-23.91059,-19.60509,7.736259,0.0387850670632402,,Oran,5.2522693,0.1351630175432269,0.0953902902704997,-1.2967637775175822,wet_active,wet_deep
2019-04-11,23.65767,8.553971,-43.17417,-32.36456,-77.5441,6.211791,0.0124004690500648,,Oran,7.5015016,0.14314255486027133,0.10336982758754412,-1.262829011492339,wet_active,wet_deep
2019-04-12,23.11013,9.195,-41.12994,-43.92648,-77.20451,7.657449,0.0133370991909986,,Oran,8.744504,0.1156267178312554,0.0758539905585282,-1.2458616284797175,wet_active,wet_deep
2019-04-13,20.59069,12.46123,-49.77838,-39.61359,-79.1969,10.93506,0.0181301502815885,,Oran,12.288392,0.1156267178312554,0.0758539905585282,-1.228894245467096,wet_active,wet_deep
2019-04-14,18.45086,1.244073,-125.4471,-50.27576,-64.22067,8.980187,0.0018089957358772,,Oran,11.737385,0.1156267178312554,0.0758539905585282,-1.2119268624544743,wet_inactive,wet_deep
2019-04-15,16.54537,1.229469,-15.54423,-42.87054,-54.76074,8.710581,0.001792260069316,,Oran,11.150935,0.1156267178312554,0.0758539905585282,-1.1949594794418528,wet_inactive,wet_deep
2019-04-16,15.3079,4.882217,-32.84538,-35.61892,-70.5396,11.27882,0.0071307304137986,,Oran,9.411074,0.0885221385579946,0.04874941128526739,-1.1779920964292312,wet_active,wet_deep
2019-04-17,14.28477,-1.357022,-30.28429,-37.98764,-74.73517,6.787071,0.0,,Oran,6.83717,0.0875486381322957,0.0477759108595685,-1.1679612395562615,wet_inactive,wet_deep
2019-04-18,13.5845,5.268478,-11.50466,-21.77207,-34.79008,7.581869,0.0076746488214198,,Oran,2.1278422,0.0875486381322957,0.0477759108595685,-1.1579303826832918,deep_access,wet_deep
2019-04-19,24.81853,-42.99822,0.1498341,-13.11368,-15.31995,3.386761,0.0,,Oran,0.82308537,0.0875486381322957,0.0477759108595685,-1.1478995258103222,wet_inactive,wet_deep
2019-04-21,30.3483,12.81936,-12.81774,-44.33546,-9.355003,9.597933,0.0186298948201284,0.3664720560969229,Oran,1.702335,0.06366068270251145,0.023887955429784245,-1.1278378120643828,wet_active,wet_deep
2019-04-23,28.93851,6.543646,-16.14072,-25.0498,-30.01272,8.14987,0.0095166424614429,,Oran,4.1402125,0.0397727272727272,0.0,-1.1077760983184437,wet_active,wet_shallow
2019-04-24,27.95105,8.320241,-38.97681,-69.96734,-78.59218,7.465708,0.0120545496034452,,Oran,6.579534,0.0397727272727272,0.0,-1.097745241445474,wet_active,wet_shallow
2019-04-25,25.58318,18.87384,-42.28605,-21.95336,-42.68894,11.91992,0.0275483368215171,,Oran,4.007852,0.0397727272727272,0.0,-1.0877143845725044,wet_active,wet_shallow
2019-04-26,28.91365,10.74161,-43.81406,-41.4402,-82.26183,7.41157,0.0155913708745849,,Oran,7.078757,0.039667784401390904,-0.00010494287133629848,-1.0776835276995347,wet_active,wet_shallow
2019-04-27,25.78915,0.07836315,0.5772818,-62.85611,-65.22061,6.976383,0.0001136095276487,,Oran,7.6927357,0.0109452138684756,-0.028827513404251603,-1.067652670826565,wet_inactive,wet_shallow
2019-04-28,23.60966,11.85932,-50.94575,-36.48319,-78.51627,9.439323,0.0172865605238416,,Oran,8.645455,0.0109452138684756,-0.028827513404251603,-1.0576218139535953,wet_active,wet_shallow
2019-04-29,21.69822,17.54213,-46.611,-44.17753,-73.97394,10.25925,0.0255707897379417,,Oran,7.968987,-0.0176724137931034,-0.0574451410658306,-1.0475909570806257,wet_active,wet_shallow
2019-04-30,20.09831,6.597454,-33.65263,-41.74056,-74.45616,8.098151,0.0096177355341178,,Oran,5.934089,-0.0031699310075326004,-0.0429426582802598,-1.037560100207656,wet_active,wet_shallow
2019-05-01,18.64197,3.746181,-22.03353,-43.05424,-46.42726,7.803864,0.0054620287943908,,Oran,5.317323,0.0113325517780382,0.04655504323619385,-1.0275292433346863,wet_active,wet_deep
2019-05-02,18.12851,10.46667,-10.01356,-22.58721,-22.87373,10.4627,0.0152750530248487,,Oran,7.2993207,-0.01155967489397865,0.023662816564176996,-1.0174983864617166,wet_active,wet_deep
2019-05-03,17.54106,19.39493,-42.09106,-49.61147,-73.9911,10.50048,0.0282303689223037,,Oran,6.3633695,-0.01155967489397865,0.023662816564176996,-1.007467529588747,wet_active,wet_deep
2019-05-04,25.34814,-3.59258,-13.83723,-59.58573,-41.12788,6.537492,0.0,0.0,Oran,8.426781,-0.03487300960652715,0.0003494818516284956,-0.9974366727157774,wet_inactive,wet_deep
2019-05-05,22.33385,15.84728,-40.92804,-43.61292,-74.14024,13.35149,0.0231139259174027,,Oran,10.811694,-0.0352941176470588,-7.162618890315525e-05,-0.9874058158428077,wet_active,wet_shallow
2019-05-06,20.14852,0.9664887,0.6912232,-49.3729,-61.32937,7.864187,0.0014062528827429,,Oran,9.819795,-0.07567072500580051,-0.04044823354764486,-0.9773749589698381,wet_inactive,wet_shallow
2019-05-07,18.52343,-2.242376,-17.45008,-40.96893,-70.79797,8.395031,0.0,,Oran,11.646195,-0.07567072500580051,-0.04044823354764486,-0.9673441020968684,wet_inactive,wet_shallow
2019-05-08,17.24876,31.01088,-58.42319,-52.38726,-51.32327,14.26209,0.0453830485489227,,Oran,9.774189,-0.07567072500580051,-0.04044823354764486,-0.9573132452238988,wet_active,wet_shallow
2019-05-09,16.40541,17.31378,-15.58414,-17.43219,-16.97683,10.92447,0.0253410092721112,,Oran,8.980293,-0.07567072500580051,-0.04044823354764486,-0.9472823883509291,wet_active,wet_shallow
2019-05-10,17.84451,0.1928545,-1.489235,-30.04599,-32.76845,9.72648,0.0002819515959056,,Oran,12.324552,-0.1160473323645422,-0.08082484090638656,-0.9372515314779595,wet_inactive,wet_shallow
2019-05-11,16.15769,11.79705,-34.16833,-26.90283,-57.40686,13.59055,0.0172862580179572,,Oran,14.48045,-0.11881204792500966,-0.08358955646685401,-0.9272206746049898,wet_active,wet_shallow
2019-05-12,14.81357,-4.758672,-23.73996,-29.09421,-68.61431,8.996471,0.0,,Oran,12.5434,-0.11843593833254179,-0.08321344687438614,-0.9171898177320201,wet_inactive,wet_shallow
2019-05-13,13.90342,9.94134,-23.00181,-41.78725,-73.83484,15.0336,0.0145238185871216,,Oran,9.626044,-0.11843593833254179,-0.08321344687438614,-0.9071589608590505,deep_access,wet_shallow
2019-05-14,13.14167,12.84434,-42.31837,-44.51424,-83.82655,8.697873,0.018732463087754,,Oran,12.345941,-0.1091895929227141,-0.07396710146455845,-0.8971281039860808,deep_access,wet_shallow
2019-05-15,12.47833,17.07395,-48.4776,-41.81709,-80.33176,13.75575,0.0249557634225156,,Oran,17.401487,-0.10140674448907624,-0.0661842530309206,-0.8870972471131111,deep_access,wet_shallow
2019-05-16,11.7935,0.9431684,-30.08405,-38.08104,-78.45683,9.187376,0.001377423281226,,Oran,8.576572,-0.09907350784740429,-0.06385101638924864,-0.8770663902401414,surface_dependent,wet_shallow
2019-05-17,11.32206,28.16682,-50.5481,-18.18064,-65.25783,20.50989,0.0413431441901578,,Oran,11.109501,-0.0984175993824778,-0.06319510792432215,-0.9235600845951907,deep_access,wet_shallow
2019-05-18,11.02849,3.410687,-2.792227,-28.89137,-30.03683,10.14787,0.0049696816579753,,Oran,10.1371975,-0.0984175993824778,-0.06319510792432215,-0.9800846358232094,deep_access,wet_shallow
2019-05-19,10.83963,0.4931529,-3.898966,-54.10902,-61.73747,9.507446,0.0007156328008732,,Oran,12.243777,-0.0984175993824778,-0.06319510792432215,-1.0366091870512282,surface_dependent,wet_shallow
2019-05-20,10.56987,5.172876,-6.029178,-29.44664,-36.60899,9.51878,0.0075222897832182,,Oran,12.424423,-0.0984175993824778,-0.06319510792432215,-1.093133738279247,deep_access,wet_shallow
2019-05-22,10.49455,6.961224,-29.73971,-36.54277,-71.90095,8.005505,0.0101427310864,,Oran,11.158723,-0.1922709010904917,-0.15704840963233604,-1.2061828407352846,deep_access,wet_shallow
2019-05-23,10.35977,11.73882,-38.98029,-31.05846,-69.22912,13.38705,0.0171753468517843,,Oran,14.958363,-0.1922709010904917,-0.15704840963233604,-1.2627073919633032,deep_access,wet_shallow
2019-05-24,10.04982,17.16224,-28.13603,-21.5134,-35.92054,17.74439,0.0251749105204482,,Oran,7.552408,-0.1922709010904917,-0.15704840963233604,-1.319231943191322,deep_access,true_drought
2019-05-25,10.89004,2.439665,-4.09438,-49.28159,-55.13385,8.129163,0.0035524201556338,,Oran,8.023431,-0.1922709010904917,-0.15704840963233604,-1.3757564944193408,surface_dependent,wet_shallow
2019-05-26,10.95122,11.83601,-18.87599,-29.59754,-31.36629,9.960721,0.0172766188301751,,Oran,13.066017,-0.19383879982754249,-0.15861630836938684,-1.4322810456473594,deep_access,wet_shallow
2019-05-27,10.31809,-1.872309,-9.161717,-45.96218,-63.92582,9.557094,0.0,,Oran,15.518932,-0.1970252479659823,-0.16180275650782666,-1.4888055968753782,surface_dependent,wet_shallow
2019-05-28,9.726806,1.018875,-17.57884,-37.07749,-64.46935,13.22997,0.0014924999633787,,Oran,15.082939,-0.1970252479659823,-0.16180275650782666,-1.545330148103397,surface_dependent,true_drought
2019-05-29,9.218453,1.399235,-11.96229,-42.16449,-69.36401,11.48166,0.00204412032654,,Oran,14.819168,-0.1944151273392303,-0.15919263588107466,-1.6018546993314158,surface_dependent,true_drought
2019-05-30,8.760136,4.895707,-35.49366,-45.10594,-81.63004,10.81976,0.007140482210726,,Oran,13.2286415,-0.18325642249200058,-0.14803393103384493,-1.6583792505594346,deep_access,true_drought
2019-05-31,8.348062,-0.3818146,-4.418125,-52.38926,-69.86214,11.30134,0.0,,Oran,14.272729,-0.1699015608250424,-0.13467906936688676,-1.7149038017874534,surface_dependent,true_drought
2019-06-01,7.97167,5.484199,-36.55584,-41.76548,-79.89982,13.09218,0.0080152730588461,,Oran,18.051529,-0.14998481248621676,-0.04611979411000566,-1.7714283530154722,deep_access,true_drought
2019-06-02,7.631494,3.1462,-21.27732,-49.20882,-72.02906,15.06997,0.0045994535714401,,Oran,20.983725,-0.14998481248621676,-0.04611979411000566,-1.827952904243491,deep_access,true_drought
2019-06-03,7.272318,8.883741,-50.48776,-39.77646,-86.74599,18.59462,0.013026294392963,,Oran,20.643778,-0.12897423377740344,-0.025109215401192347,-1.8844774554715098,deep_access,true_drought
2019-06-04,7.076834,5.289809,-61.7433,-35.58144,-86.09254,18.50483,0.0077667225278568,,Oran,22.35758,-0.1532527052232947,-0.04938768684708361,-1.9410020066995282,deep_access,true_drought
2019-06-05,6.757043,2.466411,-28.80596,-39.71889,-78.12285,18.6474,0.0036212983781998,,Oran,15.50369,-0.1850498338870431,-0.08118481551083201,-1.997526557927547,surface_dependent,true_drought
2019-06-06,6.55627,3.614559,-31.45711,-46.26318,-86.46869,16.11831,0.0052810008096574,,Oran,15.737166,-0.2005278810042848,-0.09666286262807372,-2.0540511091555658,deep_access,true_drought
2019-06-07,6.352674,-2.403787,-33.72559,-38.06702,-86.19975,11.85306,0.0,,Oran,15.07797,-0.2005278810042848,-0.09666286262807372,-2.1105756603835846,surface_dependent,true_drought
2019-06-08,6.248933,0.2057225,-0.597782,-58.77106,-61.59197,10.8849,0.0002990845746712,,Oran,12.502572,-0.20911820569645095,-0.10525318732023986,-2.1671002116116034,surface_dependent,true_drought
2019-06-09,6.169957,0.6389931,-18.34288,-48.50889,-62.43401,10.99249,0.0009334801606947,,Oran,19.59854,-0.20014420530553534,-0.09627918692932425,-2.223624762839622,surface_dependent,true_drought
2019-06-10,6.112585,9.096929,-44.9147,-39.55111,-87.90508,20.88645,0.0133421541327177,,Oran,20.360271,-0.19792362118115225,-0.09405860280494116,-2.280149314067641,deep_access,true_drought
2019-06-11,5.864365,2.587159,-48.01209,-33.04374,-89.1246,16.62123,0.0037938622167874,,Oran,16.177332,-0.2014630364305841,-0.09759801805437301,-2.33667386529566,deep_access,true_drought
2019-06-12,5.790789,-1.144086,-2.775355,-52.9025,-72.93811,9.828045,0.0,,Oran,10.241695,-0.2014630364305841,-0.09759801805437301,-2.3931984165236786,surface_dependent,true_drought
2019-06-13,5.761796,-3.641735,-21.5606,-39.75649,-72.86962,9.798132,0.0,,Oran,10.390286,-0.205136757838559,-0.10127173946234791,-2.4497229677516974,surface_dependent,true_drought
2019-06-14,5.75053,0.7667293,-11.58278,-34.77525,-52.76315,11.89503,0.0011212999029098,,Oran,16.897852,-0.20283136379764893,-0.09896634542143784,-2.506247518979716,surface_dependent,true_drought
2019-06-15,12.78783,20.35951,-53.94825,-56.23048,-95.51298,16.94956,0.0298024127621283,,Oran,18.573927,-0.1963610177709847,-0.0924959993947736,-2.5627720702077346,deep_access,wet_shallow
2019-06-16,11.20444,2.964558,-6.749467,-65.35448,-63.16583,12.69509,0.0043286363695358,,Oran,13.2033415,-0.21422502828105083,-0.11036000990483974,-2.6192966214357534,deep_access,wet_shallow
2019-06-17,10.18126,4.302904,-31.44937,-39.10425,-71.1956,11.56264,0.0062983843837177,,Oran,18.801706,-0.21422502828105083,-0.11036000990483974,-2.6528118455317227,deep_access,true_drought
2019-06-18,8.91861,7.299229,-37.68007,-47.84649,-84.95274,16.30954,0.0107019015801633,,Oran,20.266119,-0.23450863355225193,-0.13064361517604084,-2.6863270696276915,deep_access,true_drought
2019-06-19,7.751635,-0.04257515,-8.735707,-66.83683,-67.90792,14.33524,0.0,,Oran,22.967255,-0.22539326607079307,-0.12152824769458198,-2.719842293723661,surface_dependent,true_drought
2019-06-20,7.002535,11.25292,-51.22678,-28.42992,-87.35124,23.71397,0.016552333477703,,Oran,20.586308,-0.214045509804363,-0.1101804914281519,-2.7533575178196297,deep_access,true_drought
2019-06-21,6.500056,-5.466097,-15.2291,-43.13474,-69.07684,13.56702,0.0,,Oran,19.39411,-0.2210172757738782,-0.1171522573976671,-2.786872741915599,surface_dependent,true_drought
2019-06-22,6.227836,2.86859,-24.11261,-42.97488,-68.6686,14.27542,0.0042061060058927,,Oran,14.882152,-0.2210172757738782,-0.1171522573976671,-2.820387966011568,deep_access,true_drought
2019-06-23,5.936231,-1.641365,-25.54754,-37.54996,-76.29906,14.37619,0.0,,Oran,21.40885,-0.2285054397318711,-0.12464042135566,-2.853903190107537,surface_dependent,true_drought
2019-06-24,5.532314,4.311736,-34.58699,-43.15814,-79.74299,17.75852,0.0063275515557528,,Oran,20.429148,-0.18192964974574166,-0.07806463136953057,-2.887418414203506,deep_access,true_drought
2019-06-25,5.319322,-2.021357,-26.91957,-39.09853,-73.44901,16.02906,0.0,,Oran,19.195501,-0.13675686441368445,-0.03289184603747336,-2.9209336382994753,surface_dependent,true_drought
2019-06-26,5.140693,-7.127254,-34.95051,-38.55681,-79.02092,13.46254,0.0,,Oran,17.704546,-0.1411300548923516,-0.03726503651614049,-2.954448862395444,surface_dependent,true_drought
2019-06-27,5.028884,-2.640337,-25.32656,-41.14907,-76.31683,14.47186,0.0,,Oran,24.261106,-0.1411300548923516,-0.03726503651614049,-2.9879640864914134,surface_dependent,true_drought
2019-06-28,4.855309,0.2967849,-27.09903,-48.10308,-78.75014,20.55967,0.0004368804442628,,Oran,28.156507,-0.14751816810640334,-0.04365314973019224,-3.0214793105873823,surface_dependent,true_drought
2019-06-29,4.655494,3.324651,-44.47332,-40.96103,-89.52983,23.40533,0.0048976535035402,,Oran,32.116028,-0.1401615483316658,-0.03629652995545471,-3.0549945346833516,deep_access,true_drought
2019-06-30,4.435318,6.728219,-53.04964,-39.80315,-90.54566,25.46017,0.0099187869242761,,Oran,31.954523,-0.13211635978369035,-0.028251341407479258,-3.0885097587793204,deep_access,true_drought
2019-11-05,18.20383,14.95891,-34.38134,-17.51466,-34.76862,12.32971,0.021859311829633,,Oran,5.345747,-0.0959641255605381,0.18814154789117252,-3.5576551473501397,wet_active,wet_deep
2019-11-06,19.12372,19.22124,-60.0983,-35.46349,-51.17852,8.433574,0.0279368111326614,,Oran,5.2813125,-0.0959641255605381,0.18814154789117252,-3.4771834530760843,wet_active,wet_deep
2019-11-07,18.78372,2.764312,-27.4341,-19.39133,-75.7784,8.038036,0.00401434584246,,Oran,5.1223884,-0.0959641255605381,0.18814154789117252,-3.3967117588020295,wet_active,wet_deep
2019-11-08,18.62072,27.91166,-105.8687,-26.62587,-35.91318,8.478989,0.0405222361801445,,Oran,5.2202764,-0.0959641255605381,0.18814154789117252,-3.316240064527974,wet_active,wet_deep
2019-11-09,17.02741,13.53727,-66.22462,-29.68968,-85.92431,8.893229,0.0196368212267429,,Oran,5.006354,-0.0959641255605381,0.18814154789117252,-3.235768370253919,wet_active,wet_deep
2019-11-10,18.1563,24.33683,-38.81608,-10.56873,-30.20972,7.46673,0.0353471258765917,,Oran,3.9717398,-0.0959641255605381,0.18814154789117252,-3.1552966759798635,wet_active,wet_deep
2019-11-11,17.76165,3.213079,-47.14052,-36.33771,-83.91425,6.767806,0.0046489889818921,,Oran,3.4369876,-0.11184907940319115,0.17225659404851945,-3.0748249817058086,wet_active,wet_deep
2019-11-12,17.3745,-6.194241,-28.10768,-27.5765,-80.70892,6.582733,0.0,,Oran,4.9509454,-0.1279642097523733,0.15614146369933732,-2.9943532874317533,wet_inactive,wet_deep
2019-11-13,17.10386,9.004833,-43.44068,-10.93512,-53.23529,8.636683,0.0130811527510556,,Oran,4.191769,-0.17045469367375776,0.11365097977795285,-2.913881593157698,wet_active,wet_deep
2019-11-14,19.60865,3.251209,-54.39434,-16.07205,-79.69027,9.81698,0.0047401375586677,,Oran,3.0265827,-0.17045469367375776,0.11365097977795285,-2.8334098988836427,wet_active,wet_deep
2019-11-15,19.97879,19.709,-48.2279,-19.91921,-54.47995,8.152853,0.0285845966666532,,Oran,3.3503408,-0.17045469367375776,0.11365097977795285,-2.752938204609588,wet_active,wet_deep
2019-11-16,19.13383,9.443546,-45.57593,-25.6844,-59.34145,7.005664,0.0136656185747895,,Oran,3.774644,-0.17045469367375776,0.11365097977795285,-2.6724665103355325,wet_active,wet_deep
2019-11-17,18.54984,9.099133,-56.27646,-26.01512,-83.88229,7.86964,0.0131722800831911,,Oran,2.6271079,-0.2127150010886131,0.07139067236309751,-2.569073680723282,wet_active,wet_deep
2019-11-19,23.08049,1.886655,-37.86944,-36.22264,-79.9183,6.768169,0.0027280325148783,,Oran,3.5296211,-0.2127150010886131,0.07139067236309751,-2.362288021498782,wet_inactive,wet_deep
2019-11-20,22.17966,-0.008843848,-1.92062,-21.11621,-37.84544,6.20567,0.0,,Oran,3.5090106,-0.2127150010886131,0.07139067236309751,-2.2588951918865314,wet_inactive,wet_deep
2019-11-25,23.48847,-0.02424525,-53.82463,-17.23923,-69.93052,7.361177,0.0,,Oran,3.2046516,-0.2557710064635272,0.028334666988183432,-1.7419310438252797,wet_inactive,wet_deep
2019-11-26,25.96406,16.38523,-36.22916,-1.943729,-12.15721,8.628038,0.0238807267839647,,Oran,4.224866,-0.2557710064635272,0.028334666988183432,-1.6385382142130294,wet_active,wet_deep
2019-11-27,24.93732,19.31787,-41.5271,32.40969,-12.62109,10.07392,0.0282012472009349,,Oran,5.4283442,-0.2557710064635272,0.028334666988183432,-1.535145384600779,wet_active,wet_deep
2019-11-28,22.39865,6.235104,-59.76669,-20.37398,-78.0452,8.287744,0.0090669305724479,,Oran,4.078113,-0.2557710064635272,0.028334666988183432,-1.4317525549885288,wet_active,wet_deep
2019-11-29,22.00257,4.170542,-43.04499,-27.55799,-74.84043,8.747642,0.0060653949791261,,Oran,3.8192952,-0.2557710064635272,0.028334666988183432,-1.3283597253762784,wet_active,wet_deep
2019-11-30,24.01237,0.5373666,-6.122855,-4.599775,-7.678699,7.165681,0.0007818945704049,,Oran,4.181663,-0.25586238184448035,0.02824329160723027,-1.224966895764028,wet_inactive,wet_deep
2019-12-01,21.32975,-1.996363,-16.2564,-9.750967,-62.94717,6.908378,0.0,,Oran,4.105915,-0.2559537572254335,0.023718866275170447,-1.121574066151778,wet_inactive,wet_deep
2019-12-02,20.95664,12.95092,7.340837,-54.18772,-22.77786,7.500372,0.0187811988659572,0.4123202077309482,Oran,1.1640792,-0.16037344379616716,0.11929917970443679,-1.0181812365395275,wet_active,wet_deep
2019-12-06,25.83428,-0.7128863,-17.53761,-15.27232,-1.171964,6.539344,0.0,0.0,Oran,1.6107416,-0.0647931303669008,0.21487949313370314,-0.6046099180905262,wet_inactive,wet_deep
2019-12-07,24.73831,-4.079239,-8.928782,-34.88147,-65.85554,6.036163,0.0,,Oran,1.635152,-0.0647931303669008,0.21487949313370314,-0.5012170884782758,wet_inactive,wet_deep
2019-12-09,23.97285,5.173541,-13.05062,-5.18796,-4.814235,7.101775,0.0075182823287493,,Oran,4.301971,-0.1630913984743641,0.11658122502623985,-0.2944314292537755,wet_active,wet_deep
2019-12-10,23.52844,-6.570727,-28.3094,-32.54612,-75.2588,6.098927,0.0,,Oran,4.5350723,-0.26191310740258883,0.017759516098015127,-0.19103859964152514,wet_inactive,wet_deep
2019-12-11,22.87366,0.003515024,-1.976205,-37.33327,-59.59078,7.105521,5.07839121966841e-06,,Oran,4.1775923,-0.27967262350060396,0.0,-0.08764577002927476,wet_inactive,wet_shallow
2019-12-12,22.66573,0.6793777,-48.76025,-23.93242,-81.81847,6.820092,0.0009835726901867,,Oran,2.944565,-0.27967262350060396,0.0,0.01574705958297562,wet_inactive,wet_shallow
2019-12-13,22.59273,11.62294,-65.74297,-3.359084,-65.62366,7.842518,0.0168892666942755,,Oran,4.664664,-0.27967262350060396,0.0,0.119139889195226,wet_active,wet_shallow
2019-12-14,22.50705,11.40886,-39.98299,3.620478,-36.78566,9.071739,0.0166112630245986,,Oran,4.2407,-0.27967262350060396,0.0,0.22253271880747638,wet_active,wet_shallow
2019-12-15,22.22453,5.722859,-17.31774,-11.89209,-30.67634,8.623256,0.0083160206052904,,Oran,3.8014414,-0.2969086987778576,-0.017236075277253626,0.3259255484197263,wet_active,wet_shallow
2019-12-16,21.70869,-0.6556771,-62.23058,-6.426874,-38.6212,7.08438,0.0,,Oran,1.4194412,-0.2969086987778576,-0.017236075277253626,0.4293183780319767,wet_inactive,wet_shallow
2019-12-17,21.76959,-220.5416,-4.41625,-10.95309,-34.66737,-18.33157,0.0,,Oran,1.7615496,-0.29373549875727156,-0.014062875256667606,0.5248722559884229,wet_inactive,wet_shallow
2019-12-18,21.82389,2.0787,-0.03434659,-16.41903,-58.67672,6.737373,0.0030135343505271,,Oran,3.5545328,-0.29373549875727156,-0.014062875256667606,0.5170333043326187,wet_inactive,wet_shallow
2019-12-19,21.25315,-1.142425,-11.58521,-26.7572,-57.4457,6.126234,0.0,,Oran,2.50161,-0.29373549875727156,-0.014062875256667606,0.5091943526768146,wet_inactive,wet_shallow
2019-12-20,21.55511,6.278113,-27.19611,7.356241,-28.68281,9.009642,0.0091422395025592,,Oran,2.9271524,-0.29373549875727156,-0.014062875256667606,0.5013554010210105,wet_active,wet_shallow
2019-12-21,24.3995,54.90138,-92.49361,11.32235,-20.92949,10.76018,0.0803001665361815,,Oran,4.9730234,-0.2905622987366856,-0.010889675236081642,0.4935164493652063,wet_active,wet_shallow
2019-12-22,26.43487,38.13713,-93.47305,-27.26789,-86.41426,11.85315,0.055616612512573,,Oran,6.4409103,-0.2990419385175413,-0.01936931501693734,0.48567749770940216,wet_active,wet_shallow
2019-12-23,22.71051,7.200366,-66.04291,-12.75616,-75.43279,9.137261,0.010486911688671,,Oran,5.3929615,-0.28464882003722936,-0.004976196536625399,0.477838546053598,wet_active,wet_shallow
2019-12-24,22.05708,-1.596858,-2.110342,-41.38621,-56.69563,6.508981,0.0,,Oran,3.7456882,-0.28464882003722936,-0.004976196536625399,0.4699995943977938,wet_inactive,wet_shallow
2020-03-10,15.16269,-1.216063,-40.57859,-20.36022,-66.65388,10.4239,0.0,,Oran,10.680825,-0.0312134217713616,-0.02941647657819,-0.6733887813490628,wet_inactive,wet_shallow
2020-03-11,16.10087,1.244538,15.83845,-22.80504,-49.56156,13.83889,0.0018167141355685,,Oran,12.921805,-0.029120224399194303,-0.0273232792060227,-0.6983631732791873,wet_inactive,wet_shallow
2020-03-12,15.85995,11.82855,-64.77128,-1.238876,-76.19296,15.61095,0.0173224805734839,,Oran,12.890644,-0.0266400051602915,-0.0248430599671199,-0.7233375652093118,wet_active,wet_shallow
2020-03-13,15.37868,6.644947,-44.29035,-25.55515,-64.31686,13.33697,0.0097097835312282,,Oran,8.623297,-0.0266400051602915,-0.0248430599671199,-0.7483119571394363,wet_active,wet_shallow
2020-03-14,15.02128,4.819265,-32.77314,-23.60157,-70.94514,9.92518,0.0070139378400471,,Oran,6.665585,-0.026252983293556,-0.024456038100384398,-0.7732863490695608,wet_active,wet_shallow
2020-03-15,14.85708,-5.197022,-30.82716,-18.51273,-69.56338,8.500402,0.0,,Oran,5.024079,-0.026252983293556,-0.024456038100384398,-0.7982607409996854,wet_inactive,wet_shallow
2020-03-16,14.61777,-147.817,0.0739546,-15.52717,-16.42896,8.68509,0.0,,Oran,1.0138116,-0.026252983293556,-0.024456038100384398,-0.8232351329298099,wet_inactive,wet_shallow
2020-03-17,17.87874,2.24324,-3.362885,-42.76131,-39.41172,5.894112,0.0032311367144582,,Oran,1.4090778,-0.026252983293556,-0.024456038100384398,-0.7851479840890804,wet_inactive,wet_shallow
2020-03-18,18.94875,8.070821,-7.889021,-6.745458,-10.34883,9.120438,0.0117476111941098,,Oran,3.431055,-0.026252983293556,-0.024456038100384398,-0.7220864433182264,wet_active,wet_shallow
2020-03-19,16.69229,5.396696,-4.032226,-37.69957,-47.77283,7.30543,0.0078159714815948,,Oran,3.1894763,-0.026252983293556,-0.024456038100384398,-0.6590249025473724,wet_active,wet_shallow
2020-03-21,17.38617,-1.398486,-2.715443,-9.365444,-11.58426,8.473192,0.0,,Oran,1.3103384,-0.0017969451931716,0.0,-0.5329018210056644,wet_inactive,wet_shallow
2020-03-23,23.05203,1.307016,-2.528191,-5.601045,-12.73718,7.066087,0.0018969676787305,,Oran,1.5484108,-0.0017969451931716,0.0,-0.4067787394639565,wet_inactive,wet_shallow
2020-03-24,27.66979,505.6481,39.40723,-7.516317,-9.720555,-15.47459,0.734214616828265,,Oran,1.0822649,-0.0017969451931716,0.0,-0.34371719869310247,wet_active,wet_shallow
2020-03-25,26.3389,0.7012087,-9.899549,-25.95761,-31.45708,7.076302,0.0010158596602494,,Oran,2.8200128,-0.0017969451931716,0.0,-0.28065565792224845,wet_inactive,wet_shallow
2020-03-26,24.9613,-0.1786654,3.888551,-16.64584,-5.836346,6.522366,0.0,0.0,Oran,4.729772,-0.0019090272788224501,-0.00011208208565085024,-0.21759411715139443,wet_inactive,wet_shallow
2020-03-27,23.61416,18.13098,-24.12423,-33.10741,-28.23748,7.838179,0.0262682591719434,,Oran,0.8654656,-0.0040128641510588,-0.0022159189578872,-0.15453257638054052,wet_active,wet_shallow
2020-03-29,26.04866,-0.4451995,-3.439999,-34.01489,-62.79106,6.056829,0.0,,Oran,5.868877,-0.00461893764434175,-0.0028219924511701504,-0.028409494838832483,wet_inactive,wet_shallow
2020-03-30,24.60592,16.05322,-43.20123,-4.332589,-54.71419,10.18915,0.02335689516644,,Oran,2.8196657,0.0105198774721612,0.012316822665332799,0.034652045932021425,wet_active,wet_deep
2020-04-02,30.28991,11.74294,-21.39281,-22.68849,-45.06142,8.722058,0.0170695775343979,,Oran,2.8574436,0.0105198774721612,-0.029252849800566003,0.22383666824458337,wet_active,wet_shallow
2020-04-04,29.0672,2.469135,-35.88697,-31.01926,-81.59014,6.677469,0.0035826680316636,,Oran,3.4925025,0.04704520596991495,0.007272478697187744,0.3499597497862914,wet_inactive,wet_deep
2020-04-05,27.43065,15.78873,-14.49557,-18.69605,-28.53626,7.550136,0.0229387423679687,,Oran,4.3431473,0.0724759769637842,0.032703249691057,0.41302129055714554,wet_active,wet_deep
2020-04-06,25.97393,7.316601,-12.94714,-18.26288,-31.2172,7.255377,0.0106400932329369,,Oran,3.6230357,0.0810404971377244,0.0412677698649972,0.47608283132799945,wet_active,wet_deep
2020-04-07,25.43247,-0.4542891,-28.98779,-21.68546,-67.32822,7.354235,0.0,,Oran,3.9523032,0.0810404971377244,0.0412677698649972,0.5391443720988534,wet_inactive,wet_deep
2020-04-08,24.56329,14.3229,-37.32806,-30.83728,-68.65735,8.217783,0.0208240707758739,,Oran,5.866766,0.0869464409923487,0.0471737137196215,0.6022059128697075,wet_active,wet_deep
2020-04-09,23.13739,10.22,-30.61401,-25.66267,-68.36523,8.954742,0.0148641573099075,,Oran,6.1587276,0.0869464409923487,0.0471737137196215,0.6652674536405614,wet_active,wet_deep
2020-04-10,22.61166,17.13399,-16.45851,-16.68458,-21.90064,11.93903,0.0249511913049563,,Oran,7.3664155,0.0869464409923487,0.0471737137196215,0.7283289944114153,wet_active,wet_deep
2020-04-11,22.30453,14.58246,-23.18825,-24.44053,-19.70187,13.33405,0.021239771324996,,Oran,8.255327,0.0869464409923487,0.0471737137196215,0.7913905351822694,wet_active,wet_deep
2020-04-12,21.1021,7.572218,-30.44804,-20.05056,-58.93005,9.767171,0.0110096335558955,,Oran,6.112162,0.0869464409923487,0.0471737137196215,0.8544520759531233,wet_active,wet_deep
2020-04-13,20.27993,0.9357778,-2.583337,-22.18384,-30.33476,7.0554,0.0013590540519279,,Oran,4.3339133,0.0869464409923487,0.0471737137196215,0.9175136167239772,wet_inactive,wet_deep
2020-04-28,27.03399,8.750842,-46.3009,-12.39517,-76.01969,8.020473,0.012718897898475,,Oran,6.3040237,0.2311372037399434,0.1913644764672162,0.8424623224574963,wet_active,wet_deep
2020-04-29,25.74228,10.86646,-51.60659,-22.55162,-80.99935,9.553778,0.0158029314348987,,Oran,8.949008,0.2311372037399434,0.1913644764672162,0.820442662742576,wet_active,wet_deep
2020-04-30,23.81707,-3.115495,-10.75327,-37.11685,-58.17567,7.870381,0.0,,Oran,7.9254527,0.2311372037399434,0.1913644764672162,0.7984230030276558,wet_inactive,wet_deep
2020-05-01,22.25854,6.229309,-16.38281,-16.83574,-42.81007,9.851194,0.0090823943276933,,Oran,9.879601,0.2311372037399434,0.26635969519809904,0.7764033433127355,wet_active,wet_deep
2020-05-02,20.79488,13.38072,-65.68312,-18.43996,-76.27764,11.45852,0.019570061951465,,Oran,12.97073,0.2311372037399434,0.26635969519809904,0.7543836835978153,wet_active,wet_deep
2020-05-03,19.5976,-0.2017409,0.9135145,-41.03343,-48.67865,9.140822,0.0,,Oran,14.802437,0.23214102466249015,0.2673635161206458,0.732364023882895,wet_inactive,wet_deep
2020-05-04,18.37277,25.82873,-76.43285,-17.54026,-80.90053,16.10448,0.037864990102445,,Oran,14.812715,0.2389048220164891,0.27412731347464475,0.7103443641679748,wet_active,wet_deep
2020-05-05,17.38227,26.36496,-69.42915,-30.87209,-61.53581,16.50691,0.0386274940398623,,Oran,12.689605,0.2389048220164891,0.27412731347464475,0.6883247044530545,wet_active,wet_deep
2020-05-06,16.93352,9.802502,-54.26057,-26.4367,-63.08005,15.28364,0.0143570131853083,,Oran,13.358181,0.2389048220164891,0.27412731347464475,0.6663050447381342,wet_active,wet_deep
2020-05-07,16.31348,8.821015,-36.03722,-18.78177,-62.28226,11.17098,0.012902015768941,,Oran,10.633351,0.2389048220164891,0.27412731347464475,0.644285385023214,wet_active,wet_deep
2020-05-08,15.99997,-0.8477674,-8.86589,-32.92717,-56.38877,8.761436,0.0,,Oran,10.38594,0.244128651646973,0.27935114310512865,0.6222657253082937,wet_inactive,wet_deep
2020-05-09,15.66441,0.1996788,-34.46603,-19.42418,-61.27503,9.25062,0.0002918244904951,,Oran,5.958559,0.2435925048460047,0.27881499630416035,0.6002460655933736,wet_inactive,wet_deep
2020-05-10,30.41754,56.65845,-59.81459,-22.24289,-10.72991,10.60289,0.0827560545441488,1.5,Oran,6.043581,0.2435925048460047,0.27881499630416035,0.5782264058784533,wet_active,wet_deep
2020-05-11,27.19269,16.5584,-60.0302,-25.74202,-82.70368,8.656116,0.0241236212238449,,Oran,7.2458324,0.2435925048460047,0.27881499630416035,0.556206746163533,wet_active,wet_deep
2020-05-12,25.04848,12.20187,-28.12594,-19.7662,-44.62659,9.41719,0.0178017884975599,,Oran,2.8081682,0.2435925048460047,0.27881499630416035,0.5341870864486128,wet_active,wet_deep
2020-05-13,30.95078,515.0245,-52.83582,-26.8332,-1.740808,-25.05128,0.748310811083513,1.5,Oran,6.544319,0.2272055738429492,0.26242806530110485,0.5121674267336925,wet_active,wet_deep
2020-05-14,27.66144,7.857644,-15.95364,-10.85521,-32.03912,9.54795,0.011461531579715,,Oran,3.8938334,0.2108186428398937,0.24604113429804936,0.4901477670187723,wet_active,wet_deep
2020-05-15,30.03151,-3.530151,-9.212575,-37.56939,-54.11969,7.782315,0.0,,Oran,2.2597222,0.2108186428398937,0.24604113429804936,0.468128107303852,wet_inactive,wet_deep
2020-05-16,31.58524,0.2087511,-1.983813,-9.926481,-1.215232,8.662579,0.0003038318021881,,Oran,3.0771148,0.2108186428398937,0.24604113429804936,0.44610844758893176,wet_inactive,wet_deep
2020-05-17,30.48328,-3.012284,-8.909851,-30.42838,-24.6309,8.800927,0.0,,Oran,4.809403,0.2108186428398937,0.24604113429804936,0.36534444869793364,wet_inactive,wet_deep
2020-05-18,28.17649,-0.06583579,-28.25877,-19.69961,-63.4554,9.525339,0.0,,Oran,11.442791,0.2092693937963039,0.24449188525445956,0.3066001095218558,wet_inactive,wet_deep
2020-05-19,25.79524,17.36153,-57.03374,-13.71233,-68.75881,13.59124,0.0253757584123684,,Oran,12.715366,0.18892874760896672,0.22415123906712237,0.247855770345778,wet_active,wet_deep
2020-05-20,23.71102,2.124053,-5.279985,-39.31003,-54.83966,11.10834,0.0030977133544233,,Oran,16.514902,0.17021279940112405,0.2054352908592797,0.18911143116970014,wet_inactive,wet_deep
2020-05-21,21.59108,0.4836953,5.307322,-26.93292,-48.73814,11.887,0.000706742710473,,Oran,15.201407,0.1702882483370288,0.20551073979518444,0.13036709199362229,wet_inactive,wet_deep
2020-05-22,19.84641,37.87579,-85.07446,-22.97187,-71.03764,18.60516,0.0556413450438204,,Oran,15.665082,0.1702882483370288,0.20551073979518444,0.07162275281754449,wet_active,wet_deep
2020-05-23,18.2497,33.02937,-64.08984,-29.70758,-66.5062,16.62004,0.0484286227465891,,Oran,16.064734,0.1296040869245665,0.16482657838272213,0.012878413641466635,wet_active,wet_deep
2020-05-24,17.07372,22.95488,-51.80586,-25.38122,-63.11505,17.26612,0.0336553168942526,,Oran,10.926057,0.1296040869245665,0.16482657838272213,-0.04586592553461122,wet_active,wet_deep
2020-05-25,16.26928,15.39263,-33.51363,-21.55067,-45.37328,12.74412,0.0225282817741304,,Oran,9.921474,0.1296040869245665,0.16482657838272213,-0.10461026471068902,wet_active,wet_deep
2020-05-27,19.65045,-2.890273,-20.1756,-34.95968,-65.79029,10.1138,0.0,,Oran,10.316653,0.0889199255121042,0.12414241697025985,-0.22209894306284472,wet_inactive,wet_deep
2020-05-28,17.81097,-6.293034,-20.5392,-52.98778,-61.92202,10.17334,0.0,,Oran,10.581563,0.09033793201548385,0.1255604234736395,-0.2808432822389225,wet_inactive,wet_deep
2020-05-29,16.36936,20.10674,-54.56216,-25.19096,-74.42521,14.69003,0.0293778274188809,,Oran,14.434823,0.08412818058656615,0.1193506720447218,-0.33958762141500043,wet_active,wet_deep
2020-05-30,15.41409,18.21631,-51.27373,-27.34571,-74.14091,13.73589,0.0266299341263724,,Oran,14.591244,0.07781855665087539,0.11304104810903104,-0.3983319605910782,wet_active,wet_deep
2020-05-31,14.67756,29.00327,-77.04472,-33.68984,-77.93535,15.85697,0.0423996348519814,,Oran,13.3180275,0.079136690647482,0.11435918210563764,-0.45707629976715614,wet_active,wet_deep
2020-06-01,14.04199,11.33235,-13.82055,-21.95275,-19.73709,15.1302,0.0165923646537324,,Oran,14.2369,0.079136690647482,0.1830017090236931,-0.5158206389432339,deep_access,wet_deep
2020-06-02,13.54285,21.62902,-40.80196,-23.32831,-45.69797,16.05722,0.0316926776454498,,Oran,16.086332,0.079136690647482,0.1830017090236931,-0.5745649781193117,deep_access,wet_deep
2020-06-03,13.0852,20.45238,-61.59436,-27.2887,-72.4024,16.22915,0.0299772643901199,,Oran,15.766292,0.079136690647482,0.1830017090236931,-0.6333093172953895,deep_access,wet_deep
2020-06-04,12.6719,19.05508,-62.18874,-25.43906,-73.0826,20.59538,0.0280143374913473,,Oran,7.7396283,0.014785824587346098,0.11865084296355718,-0.6920536564714675,deep_access,wet_deep
2020-06-05,12.89293,2.445826,-21.19361,-29.22834,-65.3915,11.03614,0.0035669356831563,,Oran,12.297524,-0.0495650414727898,0.054299976903421296,-0.7507979956475453,surface_dependent,wet_deep
2020-06-06,13.00889,21.88618,-66.78271,-16.19788,-72.55388,17.58767,0.0320968859315542,,Oran,15.56303,-0.0495650414727898,0.054299976903421296,-0.8095423348236231,deep_access,wet_deep
2020-06-07,12.48918,21.70396,-41.82919,-21.65927,-33.72304,23.14059,0.0319071871179247,,Oran,12.289031,-0.0495650414727898,0.054299976903421296,-0.8682866739997009,deep_access,wet_deep
2020-06-08,12.10951,12.36857,-40.82254,-29.78455,-64.8151,14.41827,0.0180837181420986,,Oran,8.78163,-0.0495650414727898,0.054299976903421296,-0.9270310131757787,deep_access,wet_deep
2020-06-09,12.07749,3.975884,-3.735207,-16.31773,-32.36983,12.80755,0.0058008369828737,,Oran,10.6288185,-0.05026795762959875,0.05359706074661234,-0.9857753523518565,deep_access,wet_deep
2020-06-10,11.82279,-0.008654308,-44.76234,-0.7161417,-79.4105,12.51123,0.0,,Oran,13.653801,-0.07075906873399984,0.03310594964221125,-1.0445196915279347,surface_dependent,wet_deep
2020-06-11,11.50613,7.385849,-55.63369,-11.03092,-78.67655,16.44071,0.0108291877943106,,Oran,16.565931,-0.07075906873399984,0.03310594964221125,-1.1032640307040125,deep_access,wet_deep
2020-06-12,11.11824,4.576228,-47.76813,-24.14071,-78.02771,16.21427,0.0067046948351075,,Oran,13.029869,-0.090547263681592,0.0133177546946191,-1.1620083698800903,deep_access,wet_deep
2020-06-13,10.87397,11.41923,-39.2854,-18.53705,-63.56588,17.28999,0.0167049974521454,,Oran,14.749573,-0.0918986806117675,0.0119663377644436,-1.220752709056168,deep_access,wet_deep
2020-06-14,10.56149,9.026697,-52.34803,-23.17318,-76.40817,16.92814,0.0132095266317649,,Oran,17.91611,-0.09335675608804464,0.010508262288166453,-1.2794970482322459,deep_access,wet_deep
2020-06-15,10.22233,8.632816,-40.46915,-45.19271,-61.13252,17.87147,0.0126350071655516,,Oran,19.801512,-0.1038650183762111,0.0,-1.3382413874083237,deep_access,true_drought
2020-06-16,9.837631,8.362205,-38.08067,-14.50225,-58.41311,24.00906,0.0122935737930392,,Oran,17.482336,-0.1038650183762111,0.0,-1.3969857265844017,deep_access,true_drought
2020-06-17,9.618221,6.697215,-51.79314,-18.26116,-76.24547,20.17137,0.0098299446285267,,Oran,15.582059,-0.1038650183762111,0.0,-1.434857989294532,deep_access,true_drought
2020-06-18,9.354863,-6.969147,-41.73243,-22.37154,-78.42037,14.27974,0.0,,Oran,12.656219,-0.1038650183762111,0.0,-1.472730252004662,surface_dependent,true_drought
2020-06-19,9.208378,-1.716174,-27.18508,-20.40378,-67.05557,13.07714,0.0,,Oran,12.280482,-0.1142666221182759,-0.010401603742064808,-1.5106025147147921,surface_dependent,true_drought
2020-06-20,9.067181,2.942087,-38.69206,-22.38088,-77.25758,14.72752,0.0043151900693917,,Oran,21.041004,-0.1208552516818751,-0.016990233305664,-1.5484747774249221,deep_access,true_drought
2020-06-21,8.723031,4.071219,-53.2939,-22.61205,-85.36015,22.67938,0.0059938984581333,,Oran,26.95163,-0.1208552516818751,-0.016990233305664,-1.5863470401350523,deep_access,true_drought
2020-06-22,8.28267,2.216209,-49.53956,-22.53144,-83.24482,21.80811,0.0032620664756723,,Oran,19.608484,-0.1247637203297366,-0.0208987019535255,-1.6242193028451823,surface_dependent,true_drought
2020-06-23,8.028308,2.012978,-34.1486,-26.37741,-73.53307,17.0919,0.0029533922322832,,Oran,18.097252,-0.1120195659230617,-0.008154547546850605,-1.6620915655553126,surface_dependent,true_drought
2020-06-24,7.830279,2.814942,-39.3163,-22.27202,-75.07774,17.91755,0.00413334964845,,Oran,17.765917,-0.1120195659230617,-0.008154547546850605,-1.6999638282654428,deep_access,true_drought
2020-06-25,7.745026,0.9123317,-37.95324,-21.14964,-76.49178,20.06905,0.0013407020043212,,Oran,21.851332,-0.1120195659230617,-0.008154547546850605,-1.7378360909755728,surface_dependent,true_drought
2020-11-01,16.62155,0.2978679,-1.534473,-32.66494,-48.23394,10.45472,0.0004333578262688,,Oran,9.176359,-0.29299871085018964,-0.00889303739847902,-2.7003189701871615,wet_inactive,wet_shallow
2020-11-02,16.29702,-0.0540011,-3.301988,-34.96799,-47.32249,9.523893,0.0,,Oran,10.425973,-0.2904593639575972,-0.006353690505886578,-2.671705026677755,wet_inactive,wet_shallow
2020-11-03,16.01058,0.2742412,-18.69854,-24.36266,-53.64157,10.55622,0.0003989997890361,,Oran,7.8490205,-0.2904593639575972,-0.006353690505886578,-2.6430910831683487,wet_inactive,wet_shallow
2020-11-04,15.82647,0.8445772,-4.060987,-7.7656,-10.20994,10.89245,0.0012330044162195,,Oran,1.769508,-0.30497544469066296,-0.02086977123895234,-2.614477139658942,wet_inactive,wet_shallow
2020-11-05,24.22717,13.78033,-25.51834,-18.26121,-28.66791,9.013003,0.0200592073713638,,Oran,0.7956898,-0.30497544469066296,-0.02086977123895234,-2.5858631961495355,wet_active,wet_shallow
2020-11-06,27.71278,-11.14493,-25.07935,-10.09508,-55.53424,8.16441,0.0,,Oran,4.04467,-0.30497544469066296,-0.02086977123895234,-2.557249252640129,wet_inactive,wet_shallow
2020-11-07,25.82651,2.558082,-17.01249,-3.057651,-20.94129,10.52649,0.0037401608873946,,Oran,4.043169,-0.3194915254237288,-0.035385851972018156,-2.5286353091307223,wet_active,wet_shallow
2020-11-08,27.02922,-3.583425,-15.41648,-42.90459,-66.30141,8.353209,0.0,,Oran,3.8992794,-0.3194915254237288,-0.035385851972018156,-2.5000213656213157,wet_inactive,wet_shallow
2020-11-09,25.81903,0.2591767,-0.4201283,-39.61526,-55.7465,7.659983,0.0003764920370779,,Oran,3.8229458,-0.3194915254237288,-0.035385851972018156,-2.471407422111909,wet_inactive,wet_shallow
2020-11-10,24.99625,2.118064,2.45814,-28.77074,-50.07027,7.508314,0.0030779016423617,,Oran,3.0358925,-0.30905131826741994,-0.024945644815709322,-2.4427934786025025,wet_inactive,wet_shallow
2020-11-11,24.4542,-3.711141,-20.50581,-28.68342,-67.4667,7.875108,0.0,,Oran,3.134288,-0.2986111111111111,-0.014505437659400489,-2.414179535093096,wet_inactive,wet_shallow
2020-11-12,23.93873,-14.72588,-14.74733,-34.73575,-59.45892,7.283509,0.0,,Oran,3.6409132,-0.2986111111111111,-0.014505437659400489,-2.3855655915836893,wet_inactive,wet_shallow
2020-11-13,23.57498,-4.516847,-19.06939,-20.03927,-50.95126,8.113859,0.0,,Oran,3.4294298,-0.2986111111111111,-0.014505437659400489,-2.356951648074283,wet_inactive,wet_shallow
2020-11-14,23.08646,-10.62707,-26.35081,-14.0196,-53.02789,8.615423,0.0,,Oran,1.4497234,-0.3186171575285343,-0.034511484076823695,-2.3283377045648765,wet_inactive,wet_shallow
2020-11-15,22.96866,5.431388,-10.24893,-4.141002,-11.87597,10.25436,0.0079302234317395,,Oran,5.107849,-0.3186171575285343,-0.034511484076823695,-2.29972376105547,wet_active,wet_shallow
2020-11-16,22.63512,-1.123022,-11.59893,-17.16437,-34.55605,11.09629,0.0,,Oran,4.6886168,-0.3186171575285343,-0.034511484076823695,-2.2711098175460633,wet_inactive,wet_shallow
2020-11-17,22.43031,-0.6871326,-2.255836,-39.34784,-43.11188,8.342353,0.0,,Oran,4.3331385,-0.3386232039459575,-0.0545175304942469,-2.2629442650699336,wet_inactive,wet_shallow
2020-11-18,22.10303,1.044196,-0.1076174,-38.43556,-43.49765,7.368281,0.0015138638487064,,Oran,4.817694,-0.3386232039459575,-0.0545175304942469,-2.254778712593804,wet_inactive,wet_shallow
2020-11-19,21.84142,-0.3615038,-1.373528,-37.70109,-45.40945,7.657754,0.0,,Oran,4.001972,-0.3377619444387322,-0.05365627098702158,-2.246613160117674,wet_inactive,wet_shallow
2020-11-20,21.61962,-0.9413772,-4.079921,-33.7262,-46.18967,7.711117,0.0,,Oran,5.3868833,-0.31050317919160875,-0.02639750573989813,-2.2384476076415445,wet_inactive,wet_shallow
2020-11-21,19.3605,-0.3531587,-6.537698,-35.25323,-58.67595,7.564602,0.0,,Oran,3.2994254,-0.2841056734517106,0.0,-2.230282055165415,wet_inactive,wet_shallow
2020-11-22,19.06255,-10.21766,-32.59576,-28.71608,-81.75855,7.559527,0.0,,Oran,3.2346961,-0.2841056734517106,0.0,-2.222116502689285,wet_inactive,wet_shallow
2020-11-23,18.83982,1.922765,,-52.67511,-51.01923,,0.0027722369160922,,Oran,3.5976145,-0.2841056734517106,0.0,-2.2139509502131554,wet_inactive,wet_shallow
2020-11-24,18.76845,-3.449375,-37.63115,-24.30988,-74.49844,7.82969,0.0,,Oran,2.1822138,-0.2841056734517106,0.0,-2.2057853977370256,wet_inactive,wet_shallow
2020-11-25,18.64649,-3.904123,-6.343089,-34.24853,-54.99502,6.925974,0.0,,Oran,2.8557537,-0.2841056734517106,0.0,-2.197619845260896,wet_inactive,wet_shallow
2020-11-26,18.75906,3.417403,-8.677729,-3.638235,-7.792235,8.567082,0.004967829453608,,Oran,2.8223314,-0.2992370218753249,-0.0151313484236143,-2.189454292784766,wet_active,wet_shallow
2020-11-27,20.45115,0.8868271,-26.70849,-7.784613,-39.50558,9.317674,0.0012908451322674,,Oran,1.4577976,-0.3143683702989392,-0.0302626968472286,-2.1812887403086365,wet_inactive,wet_shallow
2020-11-28,25.51321,-66.6328,7.386735,-9.496894,-1.641099,1.433996,0.0,,Oran,2.2494004,-0.3143683702989392,-0.0302626968472286,-2.173123187832507,wet_inactive,wet_shallow
2020-11-29,23.46443,-1.339431,-2.033501,-32.0117,-47.47312,6.069548,0.0,,Oran,2.5975568,-0.3143683702989392,-0.0302626968472286,-2.164957635356377,wet_inactive,wet_shallow
2020-11-30,22.9171,0.5380214,-8.854099,18.91331,-6.018797,7.306043,0.0007818127744288,,Oran,2.345949,-0.3143683702989392,-0.0302626968472286,-2.1567920828802474,wet_inactive,wet_shallow
2020-12-01,22.46644,-2.705589,-0.5416022,-46.20287,-16.22776,6.719908,0.0,0.0,Oran,2.773758,-0.3143683702989392,-0.03469574679833526,-2.1486265304041177,wet_inactive,wet_shallow
2020-12-02,21.97243,-0.9460346,-35.52221,-15.31717,-71.25336,7.681649,0.0,,Oran,4.820292,-0.3143683702989392,-0.03469574679833526,-2.140460977927988,wet_inactive,wet_shallow
2020-12-04,20.97914,10.72568,-52.96418,-16.77069,-64.94504,9.56142,0.0155644331112421,,Oran,2.6109657,-0.3245353145129193,-0.044862691012315326,-2.1241298729757285,wet_active,wet_shallow
2020-12-06,21.16547,7.449651,-45.73158,-15.07437,-64.2198,7.288767,0.0107673754918716,,Oran,3.1885204,-0.3245353145129193,-0.044862691012315326,-2.107798768023469,wet_active,wet_shallow
2020-12-07,20.74481,4.117152,-53.27297,-18.43217,-77.45592,7.31236,0.0059539292505923,,Oran,3.7441864,-0.3347022587268994,-0.05502963522629545,-2.0996332155473394,wet_active,wet_shallow
2020-12-09,23.20352,6.446334,-47.89809,-24.40903,-83.39306,7.631283,0.0093253302590195,,Oran,3.4496481,-0.3347022587268994,-0.05502963522629545,-2.08330211059508,wet_active,wet_shallow
2020-12-10,22.48126,8.688086,-51.20182,-23.07925,-65.97032,7.338338,0.0125720647665873,,Oran,3.1551323,-0.3347022587268994,-0.05502963522629545,-2.0751365581189503,wet_active,wet_shallow
2020-12-11,22.72957,-8.688437,-43.25538,3.93486,-65.45776,8.473269,0.0,,Oran,4.085281,-0.327264298683276,-0.047591675182672044,-2.0669710056428205,wet_inactive,wet_shallow
2020-12-12,25.06062,2.403607,-52.53405,-4.421885,-66.66612,9.762186,0.0035077503456881,,Oran,5.612638,-0.327264298683276,-0.047591675182672044,-2.058805453166691,wet_inactive,wet_shallow
2020-12-13,21.99515,-5.467174,-29.29965,-19.57095,-71.21826,7.829515,0.0,,Oran,4.3879385,-0.327264298683276,-0.047591675182672044,-2.050639900690561,wet_inactive,wet_shallow
2020-12-14,21.74315,-2.261195,-5.305244,-15.79541,-32.58771,7.170169,0.0,,Oran,3.4527714,-0.327264298683276,-0.047591675182672044,-2.0424743482144314,wet_inactive,wet_shallow
2020-12-15,21.57894,1.509032,2.526959,-29.1425,-55.23026,6.885252,0.0021862099133929,,Oran,3.4900064,-0.3198263386396526,-0.04015371513904864,-2.0343087957383017,wet_inactive,wet_shallow
2020-12-16,21.19073,0.9289029,2.103777,-45.91634,-56.80703,6.270031,0.0013416499558072,,Oran,2.666088,-0.32184772177410925,-0.042175098273505296,-2.026143243262172,wet_inactive,wet_shallow
2020-12-17,20.94335,-3.51012,,-34.95734,-48.75478,,0.0,,Oran,1.943821,-0.3238691049085659,-0.04419648140796195,-1.9873833290382155,wet_inactive,wet_shallow
2020-12-18,20.72099,0.01596512,-1.829434,-23.25467,-52.92616,6.058481,2.30469107010099e-05,,Oran,2.5607688,-0.3238691049085659,-0.04419648140796195,-1.9567889672903886,wet_inactive,wet_shallow
2020-12-19,20.73906,-2.71315,-17.97481,-32.23517,-62.48576,7.954731,0.0,,Oran,2.262476,-0.33452511978169236,-0.0548524962810884,-1.9261946055425618,wet_inactive,wet_shallow
2020-12-21,21.76601,0.47748,2.13333,-19.24504,-63.07159,6.828058,0.0006911110709051,,Oran,2.8971593,-0.33452511978169236,-0.0548524962810884,-1.8650058820469082,wet_inactive,wet_shallow
2020-12-22,21.52229,-1.142248,-2.333253,4.73915,-0.9655718,6.681187,0.0,,Oran,1.9852232,-0.3451811346548188,-0.06550851115421485,-1.8344115202990814,wet_inactive,wet_shallow
2020-12-23,21.62296,-9.053168,-51.62606,-3.451697,-67.51294,8.040442,0.0,,Oran,2.9194715,-0.3451811346548188,-0.06550851115421485,-1.8038171585512544,wet_inactive,wet_shallow
2020-12-24,21.33115,0.3684983,0.5289778,-16.11898,-43.74459,7.699096,0.0005349453599949,,Oran,3.035545,-0.3451811346548188,-0.06550851115421485,-1.7732227968034278,wet_inactive,wet_shallow
2020-12-25,21.2106,-0.05105399,-10.30926,-1.89958,-20.27163,7.686458,0.0,,Oran,3.7516654,-0.3295469877422311,-0.04987436424162717,-1.7426284350556007,wet_inactive,wet_shallow
2020-12-29,20.76059,4.449172,-54.74096,-20.59662,-82.68295,7.576118,0.0064339253887284,,Oran,2.363087,-0.31277221580332126,-0.03309959230271731,-1.6202509880642935,wet_active,wet_shallow
2020-12-30,22.48414,129.4578,-47.45454,-22.92419,-48.70034,4.899971,0.186871161216285,,Oran,2.995288,-0.31277221580332126,-0.03309959230271731,-1.5896566263164666,wet_active,wet_shallow
2020-12-31,21.44399,-0.2591293,-36.04308,-36.98344,-68.83531,6.886017,0.0,,Oran,3.0007296,-0.3160515375178762,-0.036378914017272224,-1.5590622645686398,wet_inactive,wet_shallow
