date,SWC,NDWI_s2,NDWI_anom,VPD,LE,EF,ET,GWS_cm,group_le,group
2020-06-20,9.7875,0.08182209623857281,-0.06296654514809155,23.834852,250.9446705263158,0.8258781686368041,0.3866488241818182,-2.5886512626063456,deep_access,true_drought
2020-06-21,10.359375,0.08182209623857281,-0.06296654514809155,27.836456,298.6804803448276,1.0006103644892959,0.4502424321428571,-2.6519639378346582,deep_access,true_drought
2020-06-22,9.60833333333333,0.0866075200675961,-0.05818112131906826,22.70358,235.2402033898305,0.8173156473290997,0.3484625389830509,-2.715276613062971,deep_access,true_drought
2020-06-23,8.915625,0.09895217903365874,-0.04583646235300562,22.52742,247.9965210526316,0.8398592398690102,0.3671561561403509,-2.7785892882912835,deep_access,true_drought
2020-06-25,7.98645833333333,0.09895217903365874,-0.04583646235300562,22.728676,224.7515588421053,0.7737815412949565,0.3330918240350877,-2.9052146387479083,deep_access,true_drought
2020-06-26,8.26770833333333,0.09895217903365874,-0.04583646235300562,23.132118,216.7288830357143,0.8855650290962958,0.3208764053571428,-2.968527313976221,deep_access,true_drought
2020-06-27,9.80104166666667,0.1112968379997214,-0.033491803386942964,24.8611,273.7148117543859,0.9369481362529469,0.4052120964912281,-3.031839989204533,deep_access,true_drought
2020-06-28,11.40625,0.0960356430718794,-0.04875299831478497,25.86648,251.9005882758621,0.869800304462987,0.3811705521052632,-3.095152664432846,deep_access,true_drought
2020-06-29,10.55416666666667,0.0807744481440374,-0.06401419324262696,29.048716,267.9029846034483,0.9339243924352773,0.3978543740689655,-3.1584653396611584,deep_access,true_drought
2020-06-30,9.779166666666669,0.084965200595216,-0.05982344079144836,26.707832,254.7991607142857,0.8880796990208427,0.3750063945454545,-3.221778014889471,deep_access,true_drought
2020-07-01,9.13437499999999,0.084965200595216,-0.02819964723605589,28.298515,319.1915717241379,1.1122968690919084,0.4740551370689655,-3.2850906901177837,deep_access,true_drought
2020-07-02,8.53854166666667,0.0891559530463946,-0.02400889478487729,29.034042,292.8741030357143,1.0204390506077077,0.4345921366071429,-3.348403365346096,deep_access,true_drought
2020-07-03,8.04583333333334,0.0892837184355764,-0.02388112939569549,24.0857,219.6013841071428,0.7782411613885081,0.3444337649056604,-3.411716040574409,deep_access,true_drought
2020-07-04,7.676041666666671,0.0894114838247582,-0.02375336400651369,21.188229,203.0882254385965,0.7150599124108878,0.3015727550877193,-3.475028715802721,deep_access,true_drought
2020-07-05,7.360416666666671,0.0882531956160828,-0.024911652215189095,23.64344,199.2039514285714,0.6891341132989843,0.3379780603773585,-3.5383413910310337,deep_access,true_drought
2020-07-06,7.103125,0.0882531956160828,-0.024911652215189095,28.583107,239.0842548214286,0.8881362803605948,0.3556894857142857,-3.6016540662593464,deep_access,true_drought
2020-07-07,6.816666666666659,0.0870949074074074,-0.0260699404238645,32.190662,247.8085840350877,0.8622918530829471,0.3688948512280702,-3.6649667414876586,deep_access,true_drought
2020-07-10,7.26770833333333,0.0870949074074074,-0.0260699404238645,20.227821,209.412541754386,0.7148071141251857,0.3097860680357143,-3.8549047671725964,deep_access,true_drought
2020-07-11,7.05729166666666,0.0870949074074074,-0.0260699404238645,18.85572,210.1922929824561,0.7008644301921975,0.3110664805263158,-3.918217442400909,deep_access,true_drought
2020-07-13,6.78854166666666,0.0168821292775665,-0.0962827185537054,18.42935,193.6132335087719,0.7129621792467232,0.2864208736842105,-4.0448427928575335,deep_access,true_drought
2020-07-17,8.78645833333333,0.0168821292775665,-0.0962827185537054,19.99091,215.3272277777778,0.77730090405695,0.3337712711538461,-4.3887116162788375,deep_access,true_drought
2020-07-19,10.43333333333333,0.0241988227599738,-0.0889660250712981,22.030401,199.4899084615384,0.796239684510129,0.3146732071428571,-4.569947861294945,deep_access,true_drought
2020-07-20,9.703125,0.01981758347229925,-0.09334726435897264,23.386345,202.2070648214286,0.8009682957753127,0.300143265,-4.660565983802998,deep_access,true_drought
2020-07-21,8.94270833333334,0.01981758347229925,-0.09334726435897264,20.866272,207.2915830357143,0.8111520539507112,0.3122601258181818,-4.751184106311052,deep_access,true_drought
2020-07-23,11.289583333333331,0.0157952955941362,-0.0973695522371357,25.295351,259.2010071428571,1.036337196061167,0.38606294,-4.932420351327159,deep_access,true_drought
2020-07-24,10.284374999999999,0.0161542470036477,-0.0970106008276242,27.400198,276.0699369642857,1.056701221775465,0.4070653745454546,-5.0230384738352125,deep_access,true_drought
2020-07-25,12.68854166666666,0.02100620258847135,-0.09215864524280054,25.314247,217.6345563636364,0.8765847083613877,0.3230763636363637,-5.113656596343266,deep_access,true_drought
2020-07-27,12.34999999999999,0.025858158173295,-0.0873066896579769,31.811247,264.2937607142857,1.0398386810681766,0.3929978392857143,-5.294892841359373,deep_access,true_drought
2020-07-28,11.262500000000001,0.022704119258045448,-0.09046072857322646,30.5165,222.1505946428572,0.8887067321468501,0.3304997446428571,-5.385510963867427,deep_access,true_drought
2020-07-29,10.35833333333334,0.0195500803427959,-0.093614767488476,22.371971,195.5005146428572,0.7139086576727951,0.2876262541818182,-5.476129086375481,deep_access,true_drought
2020-07-30,13.508333333333331,0.0238434812360367,-0.0893213665952352,25.60974,248.2752566037736,1.0494381353732696,0.3684070867924528,-5.566747208883534,deep_access,true_drought
2020-07-31,13.31666666666666,0.0238434812360367,-0.0893213665952352,30.935204,302.8260872727272,1.038745652329132,0.4507508363636364,-5.657365331391588,deep_access,true_drought
2020-08-02,12.856249999999992,0.0262597751227223,-0.0667634806912311,35.460175,336.8761956727272,1.3177401884875748,0.510876977537037,-5.8386015764076955,deep_access,true_drought
2020-08-03,11.80208333333334,0.0262597751227223,-0.0667634806912311,22.249247,207.4354711538462,0.8029320381123595,0.3076702769230769,-5.929219698915748,deep_access,true_drought
2020-08-05,13.26354166666666,0.0262597751227223,-0.0667634806912311,21.389288,201.3184746296296,0.7217623319842402,0.2988078351851852,-6.110455943931855,deep_access,true_drought
2020-08-06,12.009375,0.0243826681161671,-0.0686405876977863,22.803461,200.1667349056604,0.7378668766552732,0.3028726788461538,-6.20107406643991,deep_access,true_drought
2020-08-07,10.98020833333333,0.0243826681161671,-0.0686405876977863,29.057203,210.8209509433962,0.8470175312855154,0.3133826924528302,-6.291692188947963,deep_access,true_drought
2020-08-09,12.31145833333333,0.0278600525807472,-0.06516320323320621,33.243896,257.2340490566038,1.018706190047081,0.3805321192307692,-6.4729284339640705,deep_access,true_drought
2020-08-10,10.941666666666661,0.0278600525807472,-0.06516320323320621,26.981737,200.3747703703704,1.0523050975175066,0.2968319,-6.563546556472124,deep_access,true_drought
2020-08-15,13.5780487804878,0.03465606029481555,-0.058367195519137854,22.563185,240.1534403846154,0.7320324379920513,0.3556691538461538,-7.016637169012392,deep_access,true_drought
2020-08-16,12.58571428571428,0.0379746835443038,-0.055048572269649605,20.947577,199.7225509433962,,0.2951063075471698,-7.107255291520445,deep_access,true_drought
2020-08-26,9.33125,0.0274409700063816,-0.0655822858075718,29.156921,223.5628633333333,0.8635687911835475,0.3647181,-6.857920914437078,deep_access,true_drought
2020-08-27,8.845833333333331,0.0187779881208297,-0.0742452676931237,31.130774,220.5501874509804,0.8804879989524049,0.3326059402,-6.823925664477936,deep_access,true_drought
2021-05-22,13.76354166666666,0.1261706555671176,-0.04436742146904821,17.980742,197.6528428571428,0.8025167505676889,0.2909560392857143,-2.924321280858132,deep_access,true_drought
2021-07-01,13.896874999999989,0.11205603185277466,-0.0011088159784972407,22.676245,220.0803210909091,0.7540176235136054,0.3322996773584906,-3.828095093502527,deep_access,wet_shallow
2021-07-02,13.67187499999999,0.1201100244498777,0.006945176618605803,28.759657,276.3900997592593,0.9675088324720721,0.4248801636346154,-3.916801719314078,deep_access,deep_access
2021-07-03,13.44583333333332,0.11142224963868785,-0.001742598192584044,27.196806,278.5555454545454,1.0285581344305144,0.409161262962963,-4.00550834512563,deep_access,true_drought
2021-07-04,13.24895833333333,0.102734474827498,-0.01043037300377389,24.206705,283.1932275438596,0.9588147348218986,0.4192675350877193,-4.094214970937181,deep_access,true_drought
2021-07-05,13.20937499999999,0.11383005716389771,0.0006652093326258157,26.757467,281.879442,1.0212432412657155,0.4268123877777778,-4.1829215967487325,deep_access,deep_access
2021-07-06,13.004166666666661,0.11383005716389771,0.0006652093326258157,19.782999,233.2100764912281,0.7736731440369059,0.3512029892857143,-4.271628222560285,deep_access,deep_access
2021-07-07,12.705208333333328,0.1249256395002974,0.011760791669025508,18.008776,229.6815688235294,0.7978210416756849,0.3391470276470588,-4.360334848371837,deep_access,deep_access
2021-07-08,12.63333333333333,0.1131648478312719,0.0,17.517624,201.923396,0.7085152115576189,0.2990504272727273,-4.449041474183388,deep_access,compound_dry
2021-07-10,12.52395833333333,0.10971295041122026,-0.0034518974200516417,26.512476,257.6818890909091,0.8989667132373618,0.3827598109090909,-4.626454725806491,deep_access,true_drought
2021-07-11,12.557291666666659,0.10971295041122026,-0.0034518974200516417,29.3175,255.2764826923077,1.0146569844847688,0.38904407,-4.715161351618043,deep_access,true_drought
2021-07-12,12.43229166666666,0.1180218446601941,0.004856996828922197,30.01787,303.2736946428572,1.0214525455640393,0.4489442339285714,-4.8038679774295945,deep_access,deep_access
2021-07-13,11.99583333333333,0.11650397262072125,0.003339124789449352,18.598206,225.0471154716981,0.7716415327312022,0.3320292811320755,-4.892574603241146,deep_access,deep_access
2021-07-14,11.88854166666667,0.1149861005812484,0.0018212527499765069,18.480766,199.3512187037037,0.696027985407229,0.2930380786792453,-4.981281229052698,deep_access,deep_access
2021-07-16,11.91354166666666,0.11380598599937711,0.0006411381681052097,22.345123,263.8678592592593,0.929728698062669,0.3982862849056604,-5.1586944806758,deep_access,deep_access
2021-07-17,11.95833333333333,0.1126258714175058,-0.0005389764137661013,24.863005,289.062238245614,0.9995542719678292,0.4314315057142857,-5.317725190584381,deep_access,true_drought
2021-07-18,11.928125000000001,0.1134348934158948,0.0002700455846229022,25.530024,317.1104012962963,1.0691878362404625,0.4712587462962963,-5.38804927468141,deep_access,deep_access
2021-07-19,11.86875000000001,0.1142439154142838,0.0010790675830119056,24.900888,291.6780729090909,0.9915983077677456,0.4410226592592593,-5.458373358778439,deep_access,deep_access
2021-07-20,11.85000000000001,0.1195443179555891,0.0063794701243172075,25.526154,279.7000765384615,0.9760076042753747,0.4156988480769231,-5.528697442875468,deep_access,deep_access
2021-07-21,11.803125,0.1195443179555891,0.0063794701243172075,26.4283,293.4393314814815,0.9867715337295493,0.4359353759259259,-5.599021526972496,deep_access,deep_access
2021-07-22,11.74479166666667,0.1248447204968944,0.01167987266562251,31.3212,288.6957735849057,1.0493741119635813,0.4374312807692308,-5.6693456110695255,deep_access,deep_access
2021-07-23,11.6875,0.12284313605383836,0.009678288222566458,31.20992,302.5946288461539,1.3354738626809248,0.4492301596153846,-5.739669695166555,deep_access,deep_access
2021-07-24,11.51250000000001,0.1208415516107823,0.007676703779510408,27.241316,343.5360613636363,1.1461342090587388,0.5183926314814815,-5.809993779263583,deep_access,deep_access
2021-07-25,11.36145833333333,0.1146529498565266,0.0014881020252547061,24.759676,272.4004805882353,0.9525213390436015,0.4139898895918367,-5.880317863360612,deep_access,deep_access
2021-07-26,11.34583333333333,0.1146529498565266,0.0014881020252547061,11.40625,188.67459,0.6885630888429826,0.2856585969565217,-5.95064194745764,deep_access,atm_driven
2021-07-27,11.407291666666671,0.1084643481022709,-0.004700499729000995,17.900276,198.0811769074074,0.666161928884805,0.2938044090925926,-6.02096603155467,deep_access,true_drought
2021-07-28,11.51562500000001,0.1012909975805472,-0.011873850250724696,21.264193,202.7390413207547,0.7008437096149075,0.30097935,-6.091290115651699,deep_access,true_drought
2021-07-30,11.469791666666671,0.119125862635557,0.0059610148042850974,29.332327,266.5497527777778,0.9068406314030275,0.3958297351851852,-6.231938283845756,deep_access,deep_access
2021-07-31,11.24791666666666,0.119125862635557,0.0059610148042850974,21.115778,252.7144824074074,0.838154104224466,0.3732058555555556,-6.302262367942785,deep_access,deep_access
2021-08-04,11.284375,0.11778594056010319,0.024762684746149788,23.475525,244.4540076923077,0.8347039239708436,0.3617923384615385,-6.583558704330901,deep_access,deep_access
2021-08-05,11.25208333333334,0.11778594056010319,0.024762684746149788,26.183578,229.8849238461538,0.7819960646829192,0.3410944240384615,-6.6538827884279295,deep_access,deep_access
2021-08-06,11.27395833333333,0.0914378029079159,-0.00158545290603751,30.344835,225.8211305555556,0.767786248646151,0.3484712417307692,-6.724206872524959,deep_access,true_drought
2021-08-07,11.056250000000011,0.10478733757157435,0.011764081757620948,24.08455,228.1445685185185,0.7653351882148942,0.3372997574074074,-6.794530956621987,deep_access,wet_shallow
2021-08-11,11.27395833333333,0.0928387410477959,-0.00018451476615750917,25.36719,210.9862441860465,0.8286565068837894,0.3183379571428571,-7.075827293010103,deep_access,true_drought
2021-08-12,11.30624999999999,0.0928387410477959,-0.00018451476615750917,29.033113,247.7679321153846,0.891335836787848,0.3690441711538461,-7.146151377107132,deep_access,true_drought
2021-08-13,11.289583333333331,0.067540609860359,-0.02548264595359441,35.380802,245.995093877551,0.9198879488198404,0.38448829,-7.21647546120416,deep_access,true_drought
2021-08-14,11.28229166666666,0.0792543328205638,-0.01376892299338961,36.816746,290.902556,1.0198371858964916,0.434511012,-7.286799545301189,deep_access,true_drought
2021-08-15,11.203125,0.0792543328205638,-0.01376892299338961,37.671688,313.9921480392157,1.1739687733950932,0.4683658074509804,-7.3571236293982185,deep_access,true_drought
2021-08-16,11.05312500000001,0.0909680557807686,-0.002055200033184809,32.956043,305.7749776923077,1.0783522932381786,0.4751341272,-7.427447713495248,deep_access,true_drought
2021-08-21,11.06770833333334,0.1025817555938037,0.009558499779850294,22.277063,213.0206835294118,0.7081188400500122,0.3296756530612245,-7.201547243345796,deep_access,wet_shallow
2021-08-26,11.22083333333334,0.0718370264474624,-0.021186229366491005,12.569579,199.2346017391304,0.6399588343693022,0.2954037806521739,-6.905322689099315,deep_access,compound_dry
2021-08-27,11.43229166666667,0.07174888004001351,-0.021274375773939896,19.260485,240.8636519795919,0.8000030575971208,0.3573563947959184,-6.846077778250019,deep_access,true_drought
2021-08-28,11.373958333333329,0.0716607336325646,-0.0213625221813888,18.872404,223.8185489795918,0.7090792074190596,0.331416012244898,-6.786832867400723,deep_access,true_drought
