date,LE_EC_Wm2,Irrig_mm,LE_METv3_Wm2,bias,days_since_event,site,Rain_mm
2020-06-20,250.9446705263158,13.65,69.130336,181.8143345263158,0,Tarazona,
2020-06-21,298.6804803448276,0.0,68.252594,230.42788634482758,1,Tarazona,
2020-06-22,235.2402033898305,0.0,58.695274000000005,176.5449293898305,2,Tarazona,
2020-06-23,247.9965210526316,0.0,56.914266,191.0822550526316,3,Tarazona,
2020-06-24,172.408025862069,0.0,31.831264,140.576761862069,4,Tarazona,
2020-06-25,224.7515588421053,0.0,53.481288,171.2702708421053,5,Tarazona,
2020-06-28,251.9005882758621,10.92,59.04126600000001,192.8593222758621,0,Tarazona,
2020-06-29,267.9029846034483,0.0,60.094840000000005,207.8081446034483,1,Tarazona,
2020-06-30,254.7991607142857,0.0,50.061072,204.7380887142857,2,Tarazona,
2020-07-01,319.1915717241379,0.0,46.937217999999994,272.2543537241379,3,Tarazona,
2020-07-02,292.8741030357143,0.0,46.109106,246.76499703571432,4,Tarazona,
2020-07-03,219.6013841071428,0.0,47.215146000000004,172.3862381071428,5,Tarazona,
2020-07-04,203.0882254385965,0.0,46.871990000000004,156.2162354385965,6,Tarazona,
2020-07-05,199.2039514285714,0.0,48.745168,150.4587834285714,7,Tarazona,
2020-07-06,239.0842548214286,0.0,50.086596,188.99765882142862,8,Tarazona,
2020-07-07,247.8085840350877,2.60052,46.182842,201.6257420350877,0,Tarazona,
2020-07-08,142.2384946296296,0.0,16.855766000000003,125.3827286296296,1,Tarazona,
2020-07-09,170.2574390566038,0.0,26.301064,143.9563750566038,2,Tarazona,
2020-07-10,209.412541754386,0.0,40.091114000000005,169.321427754386,3,Tarazona,
2020-07-11,210.1922929824561,0.0,32.226886,177.9654069824561,4,Tarazona,
2020-07-12,128.1354205660377,0.0,14.185671999999999,113.94974856603771,5,Tarazona,
2020-07-13,193.6132335087719,0.0,37.235262,156.3779715087719,6,Tarazona,
2020-07-14,144.7966493877551,0.0,15.008112,129.7885373877551,7,Tarazona,
2020-07-15,163.6209633333333,0.0,57.600578,106.0203853333333,8,Tarazona,
2020-07-16,185.6410223214286,0.0,53.526664,132.1143583214286,9,Tarazona,
2020-07-17,215.3272277777778,0.0,46.388452,168.9387757777778,10,Tarazona,
2020-07-18,184.72332375,0.0,42.952638,141.77068574999998,11,Tarazona,
2020-07-25,217.6345563636364,20.28,37.632302,180.00225436363638,0,Tarazona,
2020-07-26,222.0310342857143,0.0,41.198572,180.8324622857143,1,Tarazona,
2020-07-27,264.2937607142857,0.0,35.11251600000001,229.18124471428573,2,Tarazona,
2020-07-28,222.1505946428572,0.0,39.96633,182.1842646428572,3,Tarazona,
2020-07-29,195.5005146428572,0.0,26.613024,168.88749064285722,4,Tarazona,
2020-08-08,296.4445062,12.35052,31.580278,264.86422819999996,0,Tarazona,
2020-08-09,257.2340490566038,0.0,27.609878000000002,229.62417105660379,1,Tarazona,
2020-08-10,200.3747703703704,0.0,19.75274,180.62203037037042,2,Tarazona,
2020-08-11,168.649481632653,0.0,13.624144,155.025337632653,3,Tarazona,
2020-08-12,223.6368339622641,0.0,49.801578,173.83525596226409,4,Tarazona,
2020-08-13,251.8331492592592,0.0,46.646528,205.1866212592592,5,Tarazona,
2020-08-14,186.9031509433962,0.0,36.680824,150.2223269433962,6,Tarazona,
2020-08-15,240.1534403846154,0.0,29.145572,211.0078683846154,7,Tarazona,
2020-08-16,199.7225509433962,0.0,21.815929999999998,177.90662094339618,8,Tarazona,
2020-08-17,183.6544735849056,0.0,23.117654,160.53681958490557,9,Tarazona,
2020-08-18,179.518185,0.0,24.015248,155.50293699999997,10,Tarazona,
2020-08-26,223.5628633333333,6.36948,25.671471999999998,197.8913913333333,0,Tarazona,
2020-08-27,220.5501874509804,0.0,24.415124,196.1350634509804,1,Tarazona,
2020-08-28,184.6248850980392,0.0,18.984184,165.6407010980392,2,Tarazona,
2020-08-29,118.7346133333333,0.0,14.26508,104.4695333333333,3,Tarazona,
2020-08-30,112.1445349019608,0.0,16.465816,95.67871890196079,4,Tarazona,
2020-08-31,99.41796529411764,0.0,17.727836,81.69012929411764,5,Tarazona,
2020-09-01,66.9567768,0.0,11.217798,55.7389788,6,Tarazona,
2020-09-02,82.59039090196079,0.0,17.635666,64.95472490196079,7,Tarazona,
2020-09-03,86.06501176470589,0.0,18.175924000000002,67.88908776470589,8,Tarazona,
2020-09-04,77.64207415686275,0.0,11.926798,65.71527615686274,9,Tarazona,
2020-09-05,122.65120376,12.74052,18.818278,103.83292576,0,Tarazona,
2020-09-06,131.1465672040816,0.0,17.814334,113.3322332040816,1,Tarazona,
2020-09-07,112.8163585416667,0.0,14.24381,98.5725485416667,2,Tarazona,
2020-09-08,92.0454612244898,0.0,11.477292,80.5681692244898,3,Tarazona,
2020-09-09,115.9726002244898,0.0,14.876238000000003,101.0963622244898,4,Tarazona,
2020-09-10,101.4640668297872,0.0,16.265878,85.1981888297872,5,Tarazona,
2020-09-11,128.1839160416667,0.0,17.076974000000003,111.10694204166668,6,Tarazona,
2020-09-12,100.4776808163265,0.0,16.074448,84.4032328163265,7,Tarazona,
2020-09-16,149.9942172083333,7.14948,13.737584,136.2566332083333,0,Tarazona,
2020-09-17,95.09825170212764,0.0,6.573848,88.52440370212764,1,Tarazona,
2020-09-18,103.7349014285714,0.0,5.161519999999999,98.57338142857141,2,Tarazona,
2020-09-19,185.1049638297872,0.0,35.787484,149.3174798297872,3,Tarazona,
2020-09-20,151.447227375,0.0,30.851426,120.59580137500001,4,Tarazona,
2020-09-22,154.4532487234042,0.0,23.301994,131.15125472340418,6,Tarazona,
2020-09-23,131.2776118043478,0.0,14.591220000000002,116.68639180434779,7,Tarazona,
2020-09-24,103.6901218133333,0.0,9.730316,93.9598058133333,8,Tarazona,
2020-09-25,123.022797826087,0.0,11.83321,111.189587826087,9,Tarazona,
2020-09-26,105.07438,0.0,11.538266,93.536114,10,Tarazona,
2020-09-27,128.7847643478261,0.0,11.7694,117.0153643478261,11,Tarazona,
2020-09-28,121.0014387234043,0.0,12.750656,108.25078272340431,12,Tarazona,
2020-09-29,98.2128365,9.48948,12.437278,85.77555849999999,0,Tarazona,
2020-09-30,125.8067856521739,0.0,11.933888,113.8728976521739,1,Tarazona,
2020-10-01,125.7511086956522,0.0,8.197458,117.55365069565221,2,Tarazona,
2020-10-02,81.37173928571428,0.0,1.756902,79.61483728571429,3,Tarazona,
2020-10-03,145.1997391304348,0.0,24.951128,120.24861113043481,4,Tarazona,
2020-10-04,99.3105628888889,0.0,14.80392,84.50664288888889,5,Tarazona,
2020-10-05,111.741238,0.0,19.131656000000003,92.60958199999999,6,Tarazona,
2020-10-06,101.9177213333333,0.0,18.599906,83.3178153333333,7,Tarazona,
2020-10-07,112.8093248222222,0.0,19.067846,93.74147882222219,8,Tarazona,
2020-10-08,80.48695836363636,0.0,16.112734,64.37422436363636,9,Tarazona,
2020-10-09,84.60996,0.0,13.802812000000001,70.807148,10,Tarazona,
2021-05-16,177.83665625,4.94052,59.06111799999999,118.77553825000001,0,Tarazona,
2021-05-17,167.8539,0.0,62.0375,105.81640000000002,1,Tarazona,
2021-05-18,85.292466,0.0,52.244792000000004,33.047674,2,Tarazona,
2021-05-19,200.5577126,0.0,57.767902,142.7898106,3,Tarazona,
2021-05-20,162.9547846666667,0.0,50.103612000000005,112.85117266666671,4,Tarazona,
2021-05-21,224.0163017857143,0.0,47.01379,177.0025117857143,5,Tarazona,
2021-05-22,197.6528428571428,1.95,40.52502200000001,157.12782085714278,0,Tarazona,
2021-05-23,254.05694,0.26052,1.230824,252.82611599999998,1,Tarazona,
2021-05-24,276.190785,0.0,94.11833200000001,182.072453,2,Tarazona,
2021-05-25,203.0200058823529,0.0,88.237886,114.7821198823529,3,Tarazona,
2021-05-26,169.3396333333333,0.0,81.44283,87.8968033333333,4,Tarazona,
2021-05-27,155.8163455357143,0.0,70.447658,85.3686875357143,5,Tarazona,
2021-05-28,87.27065714285715,0.0,60.301868,26.968789142857148,6,Tarazona,
2021-05-29,201.2712645454546,12.48,75.637538,125.6337265454546,0,Tarazona,
2021-05-30,182.6234163636364,0.0,52.918341999999996,129.7050743636364,1,Tarazona,
2021-06-01,228.7221382352941,0.0,30.173621999999998,198.5485162352941,3,Tarazona,
2021-06-02,200.7484253703704,0.0,50.794178,149.9542473703704,4,Tarazona,
2021-06-03,170.3066916071429,0.0,35.15222,135.1544716071429,5,Tarazona,
2021-06-04,137.9221843396226,0.0,30.862770000000005,107.05941433962258,6,Tarazona,
2021-06-06,273.7866454545455,0.0,126.508288,147.27835745454553,8,Tarazona,
2021-06-07,256.8887946296296,0.0,135.033304,121.85549062962963,9,Tarazona,
2021-06-08,265.488955,0.0,124.212546,141.27640899999997,10,Tarazona,
2021-06-09,285.743960877193,0.0,122.873954,162.870006877193,11,Tarazona,
2021-06-10,161.5853818181818,0.0,102.607898,58.97748381818178,12,Tarazona,
2021-06-11,252.7060482142857,0.0,86.24985,166.45619821428568,13,Tarazona,
2021-06-12,150.6318416666667,0.0,67.294026,83.3378156666667,14,Tarazona,
2021-06-26,207.6454843636364,7.02,58.56056400000001,149.0849203636364,0,Tarazona,
2021-06-27,239.2726463392857,0.0,49.746276,189.5263703392857,1,Tarazona,
2021-06-28,211.0301857142857,0.0,35.35783,175.6723557142857,2,Tarazona,
2021-06-29,205.4158547272727,0.0,43.65880200000001,161.75705272727268,3,Tarazona,
2021-06-30,169.8052905357143,0.0,37.395496,132.4097945357143,4,Tarazona,
2021-07-10,257.6818890909091,21.18948,10.098996000000001,247.58289309090912,0,Tarazona,
2021-07-11,255.2764826923077,0.0,7.427484000000001,247.8489986923077,1,Tarazona,
2021-07-12,303.2736946428572,0.0,6.04777,297.2259246428572,2,Tarazona,
2021-07-13,225.0471154716981,0.0,6.215094000000001,218.8320214716981,3,Tarazona,
2021-07-14,199.3512187037037,0.0,7.519654,191.8315647037037,4,Tarazona,
2021-07-24,343.5360613636363,11.18052,0.41830999999999996,343.1177513636363,0,Tarazona,
2021-07-25,272.4004805882353,0.0,0.399876,272.0006045882353,1,Tarazona,
2021-07-26,188.67459,0.0,0.24106000000000002,188.43353,2,Tarazona,
2021-07-27,198.0811769074074,0.0,78.375696,119.7054809074074,3,Tarazona,
2021-07-28,202.7390413207547,0.0,53.279932,149.4591093207547,4,Tarazona,
2021-07-29,145.7151325686274,0.0,36.05974,109.6553925686274,5,Tarazona,
2021-08-21,213.0206835294118,11.04948,0.5374220000000001,212.4832615294118,0,Tarazona,
2021-08-22,177.0406137254902,0.0,0.37718799999999997,176.6634257254902,1,Tarazona,
2021-08-23,179.3246666666667,0.0,0.39278599999999997,178.9318806666667,2,Tarazona,
2021-08-24,134.3704404651163,0.0,0.252404,134.1180364651163,3,Tarazona,
2021-08-25,168.8680825490196,0.0,0.250986,168.61709654901958,4,Tarazona,
2021-08-26,199.2346017391304,11.31,0.431072,198.8035297391304,0,Tarazona,
2021-08-27,240.8636519795919,0.12948,0.47219400000000006,240.3914579795919,1,Tarazona,
2021-08-28,223.8185489795918,0.0,0.438162,223.3803869795918,2,Tarazona,
2021-08-29,138.4130730612245,0.0,0.414056,137.99901706122452,3,Tarazona,
2021-08-30,167.0214404,0.0,0.406966,166.61447439999998,4,Tarazona,
2021-08-31,111.7878586956522,0.0,0.249568,111.53829069565221,5,Tarazona,
2021-09-01,114.8533052380952,0.0,0.17016,114.68314523809521,6,Tarazona,
2021-09-02,204.3873542857143,0.0,75.96934999999999,128.41800428571432,7,Tarazona,
2021-09-03,211.1022436808511,0.0,83.33586000000001,127.76638368085109,8,Tarazona,
2021-09-04,171.0689236170213,0.0,68.429844,102.63907961702131,9,Tarazona,
2021-09-05,173.7251285714286,0.0,67.159316,106.5658125714286,10,Tarazona,
2021-09-06,149.7804895833333,0.0,40.493826,109.2866635833333,11,Tarazona,
2021-09-07,170.0988282608696,0.0,39.83162,130.2672082608696,12,Tarazona,
2021-09-08,153.8508388888889,0.0,26.933491999999998,126.91734688888889,13,Tarazona,
2021-09-09,129.9368270212766,0.0,20.692874,109.2439530212766,14,Tarazona,
2021-09-18,148.447706,10.92,9.384324000000001,139.06338200000002,0,Tarazona,
2021-09-19,121.0916069565217,0.0,7.5494319999999995,113.5421749565217,1,Tarazona,
2021-09-20,119.5530754318182,0.0,6.78513,112.7679454318182,2,Tarazona,
2021-09-21,139.5999,0.0,8.76324,130.83666,3,Tarazona,
2021-09-22,119.6847434090909,0.0,14.80392,104.8808234090909,4,Tarazona,
2021-09-23,91.47455276595744,0.0,12.530866,78.94368676595744,5,Tarazona,
2021-09-24,55.40653,0.0,8.340675999999998,47.065854,6,Tarazona,
2021-09-25,124.7395833333333,0.0,15.11588,109.6237033333333,7,Tarazona,
2021-09-26,143.6333756818182,0.0,20.314268000000002,123.3191076818182,8,Tarazona,
2021-09-27,130.552575,0.0,16.886962,113.665613,9,Tarazona,
2021-09-28,118.3487711111111,0.0,13.096648,105.2521231111111,10,Tarazona,
2021-09-29,110.3526139534884,0.0,10.700228000000001,99.6523859534884,11,Tarazona,
2021-09-30,75.37358217391305,0.0,5.935748,69.43783417391305,12,Tarazona,
2021-10-01,98.61043722727273,0.0,5.2083140000000006,93.40212322727272,13,Tarazona,
2021-10-02,77.70023795348837,0.0,3.373422,74.32681595348836,14,Tarazona,
2021-10-09,71.9329656904762,2.85948,8.084018,63.848947690476194,0,Tarazona,
2021-10-10,60.70769261904762,0.0,4.6638020000000004,56.043890619047616,1,Tarazona,
2021-10-11,63.53687325,0.0,3.008996,60.52787725,2,Tarazona,
2021-10-13,66.77318321951219,0.0,4.2625079999999995,62.510675219512194,4,Tarazona,
2021-10-14,58.95505095,0.0,1.8207119999999997,57.13433895,5,Tarazona,
2021-10-15,80.93953611111111,0.0,1.9625119999999998,78.9770241111111,6,Tarazona,
2021-10-16,64.70855825,10.79052,1.53853,63.170028249999994,0,Tarazona,
2021-10-17,68.97473325,0.0,1.752648,67.22208525,1,Tarazona,
2021-10-18,51.52055871794872,0.0,1.8022779999999998,49.718280717948716,2,Tarazona,
2021-10-19,63.46890097560976,0.0,1.3910580000000001,62.07784297560976,3,Tarazona,
2021-10-20,71.20294345238095,0.0,1.9525859999999997,69.25035745238095,4,Tarazona,
2021-10-21,69.60209155714286,0.0,1.256348,68.34574355714285,5,Tarazona,
2021-10-22,44.55017307692308,0.0,0.090752,44.45942107692308,6,Tarazona,
2021-10-23,88.471085,0.0,9.79838,78.67270500000001,7,Tarazona,
2021-10-24,78.64135705882353,0.0,7.756460000000001,70.88489705882353,8,Tarazona,
2021-10-25,72.16927736842105,0.0,7.859974,64.30930336842106,9,Tarazona,
2021-10-26,54.037865,0.0,4.037046,50.00081899999999,10,Tarazona,
2022-06-04,182.139132,21.71052,53.506812000000004,128.63232,0,Tarazona,
2022-06-05,201.7766144444444,0.0,50.117792,151.65882244444438,1,Tarazona,
2022-06-06,237.0128752,0.0,53.655702,183.3571732,2,Tarazona,
2022-06-07,231.9288452,0.0,50.414154,181.51469120000002,3,Tarazona,
2022-06-08,185.3185846153846,0.0,29.578062,155.7405226153846,4,Tarazona,
2022-06-09,189.1886488461539,0.0,46.571374,142.61727484615392,5,Tarazona,
2022-06-10,186.758083423,0.0,48.019152,138.738931423,6,Tarazona,
2022-06-13,108.51665,0.0,47.897204,60.619445999999996,9,Tarazona,
2022-06-14,222.54658,0.0,47.395232,175.151348,10,Tarazona,
2022-06-15,180.4463684615385,0.0,41.161704,139.2846644615385,11,Tarazona,
2022-06-16,156.7340613043478,0.0,42.72434,114.00972130434779,12,Tarazona,
2022-06-18,281.6626788461538,13.26,30.89822,250.76445884615381,0,Tarazona,
2022-06-19,290.4340825,0.0,27.197239999999997,263.23684249999997,1,Tarazona,
2022-06-20,232.7419355769231,0.0,25.278686,207.46324957692312,2,Tarazona,
2022-06-21,145.9050472,0.0,10.264902,135.6401452,3,Tarazona,
2022-06-22,178.2709704,0.0,59.57018000000001,118.7007904,4,Tarazona,
2022-06-23,175.7097523076923,0.0,51.300404,124.4093483076923,5,Tarazona,
2022-06-24,170.1728195833333,0.0,40.02305,130.1497695833333,6,Tarazona,
2022-06-25,233.9023362962963,10.53,46.089254000000004,187.8130822962963,0,Tarazona,
2022-06-26,239.9681212857143,0.0,41.550236,198.4178852857143,1,Tarazona,
2022-06-27,225.9790120833333,0.0,28.945634000000002,197.03337808333328,2,Tarazona,
2022-06-28,177.7999784615385,0.0,33.41517,144.3848084615385,3,Tarazona,
2022-06-29,153.9645959259259,0.0,29.256176,124.7084199259259,4,Tarazona,
2022-06-30,186.3424273076923,0.0,30.129664,156.2127633076923,5,Tarazona,
2022-07-07,202.514964,11.82948,19.544294,182.97066999999998,0,Tarazona,
2022-07-08,220.0374333333333,0.12948,15.271859999999998,204.7655733333333,1,Tarazona,
2022-07-09,232.5948444,0.0,15.176854,217.4179904,2,Tarazona,
2022-07-10,208.9765639130435,0.0,16.027654000000002,192.94890991304348,3,Tarazona,
2022-07-11,176.0838176923077,0.0,13.92476,162.1590576923077,4,Tarazona,
2022-07-19,260.448562,10.65948,8.052821999999999,252.39574,0,Tarazona,
2022-07-20,211.8719247826087,0.12948,7.375018,204.49690678260868,1,Tarazona,
2022-07-21,133.3016483846154,0.0,6.701468,126.60018038461538,2,Tarazona,
2022-07-22,216.8342295,0.0,9.249614,207.58461549999998,3,Tarazona,
2022-07-25,187.0842,0.0,6.945364,180.138836,6,Tarazona,
2022-07-30,199.35712125,13.26,0.310542,199.04657925,0,Tarazona,
2022-07-31,221.5682639565217,0.0,0.494882,221.0733819565217,1,Tarazona,
2022-08-01,212.8379861111111,0.0,0.47219400000000006,212.3657921111111,2,Tarazona,
2022-08-03,90.428,0.0,0.7274339999999999,89.700566,4,Tarazona,
2022-08-04,163.0084458333333,0.0,0.5785440000000001,162.4299018333333,5,Tarazona,
2022-08-05,142.0684157142857,0.0,0.6763859999999999,141.39202971428568,6,Tarazona,
2022-08-08,252.4897764705882,1.17,0.5728719999999999,251.9169044705882,0,Tarazona,
2022-08-09,191.856605,0.0,0.514734,191.341871,1,Tarazona,
2022-08-10,178.8196268421053,0.0,0.456596,178.3630308421053,2,Tarazona,
2022-08-11,136.5051044736842,0.0,0.571454,135.93365047368422,3,Tarazona,
2022-08-12,143.8110161904762,0.0,0.6976559999999999,143.11336019047621,4,Tarazona,
2022-08-13,218.97700625,19.11,2.6715120000000003,216.30549424999998,0,Tarazona,
2022-08-14,252.3799947368421,0.0,5.426685999999999,246.9533087368421,1,Tarazona,
2022-08-15,225.4293035,0.0,0.48212000000000005,224.9471835,2,Tarazona,
2022-08-16,210.7238081818182,0.0,0.466522,210.25728618181822,3,Tarazona,
2022-08-17,183.5213515,0.0,0.436744,183.0846075,4,Tarazona,
2022-08-18,165.1383075,0.0,0.406966,164.73134149999998,5,Tarazona,
2022-08-19,153.6481122727273,0.0,0.558692,153.0894202727273,6,Tarazona,
2022-08-20,213.2315211111111,16.77,0.5672,212.6643211111111,0,Tarazona,
2022-08-21,281.2755625217391,0.0,0.632428,280.6431345217391,1,Tarazona,
2022-08-22,187.71478,0.0,0.6778040000000001,187.03697599999998,2,Tarazona,
2022-08-23,157.0323805,0.0,77.746104,79.28627649999999,3,Tarazona,
2022-08-24,159.4548041666667,0.0,0.554438,158.90036616666669,4,Tarazona,
2022-08-25,148.170770625,0.0,0.67355,147.49722062499998,5,Tarazona,
2022-08-26,119.0272785913044,0.0,0.365844,118.6614345913044,6,Tarazona,
2022-08-27,106.4766985714286,0.0,17.102498,89.3742005714286,7,Tarazona,
2022-08-28,120.5687495238095,0.0,11.363852,109.2048975238095,8,Tarazona,
2022-08-29,215.1422533333333,0.0,4.154739999999999,210.98751333333328,9,Tarazona,
2022-08-30,144.9031058823529,0.0,0.523242,144.37986388235288,10,Tarazona,
2022-08-31,165.2236147368421,0.0,11.54961,153.6740047368421,11,Tarazona,
2022-09-01,107.5847105882353,0.0,4.974344,102.6103665882353,12,Tarazona,
2022-09-02,116.9716388888889,0.0,0.44950599999999996,116.5221328888889,13,Tarazona,
2022-09-03,104.0842675,0.0,0.46935799999999994,103.6149095,14,Tarazona,
2022-09-06,127.5439752777778,11.82948,0.45234199999999997,127.0916332777778,0,Tarazona,
2022-09-07,150.6746175,0.0,0.442416,150.2322015,1,Tarazona,
2022-09-08,164.2687166666667,0.0,0.426818,163.8418986666667,2,Tarazona,
2022-09-09,158.939,0.0,0.4551779999999999,158.483822,3,Tarazona,
2022-09-13,89.05624285714286,11.04948,0.09216999999999999,88.96407285714287,0,Tarazona,
2022-09-14,219.7885311764706,0.0,0.314796,219.4737351764706,1,Tarazona,
2022-09-15,161.015565,0.0,0.27651,160.739055,2,Tarazona,
2022-09-16,182.6286447058824,0.0,0.419728,182.20891670588242,3,Tarazona,
2022-09-17,132.2309903333333,0.0,0.38002400000000003,131.8509663333333,4,Tarazona,
2022-09-18,104.4948552631579,0.0,0.24673199999999998,104.24812326315791,5,Tarazona,
2022-09-19,107.5569588235294,0.0,0.344574,107.2123848235294,6,Tarazona,
2022-09-20,103.4415578947368,0.0,0.39562200000000003,103.0459358947368,7,Tarazona,
2022-09-21,54.16192789411765,0.0,0.856472,53.30545589411766,8,Tarazona,
2022-09-22,90.16559058823528,0.0,3.109674,87.05591658823528,9,Tarazona,
2022-09-23,108.2275,0.0,0.388532,107.83896800000001,10,Tarazona,
2022-09-24,144.064225,0.0,0.320468,143.743757,11,Tarazona,
2022-09-25,121.9944235294118,0.0,0.160234,121.8341895294118,12,Tarazona,
2022-09-26,129.9484823529412,0.0,43.898444,86.0500383529412,13,Tarazona,
2022-09-27,150.2508153846154,0.0,53.163656,97.0871593846154,14,Tarazona,
2022-10-01,136.1959333333333,9.87948,29.545448,106.65048533333331,0,Tarazona,
2022-10-02,177.533325,0.0,31.634162,145.899163,1,Tarazona,
2022-10-03,146.35025,0.0,20.719816,125.63043399999998,2,Tarazona,
2022-10-04,196.831705,0.0,19.707364000000002,177.124341,3,Tarazona,
2022-10-05,122.4459363157895,0.0,14.204106,108.2418303157895,4,Tarazona,
2022-10-06,109.69576875,0.0,7.5863000000000005,102.10946875,5,Tarazona,
2022-10-07,112.50385625,0.0,10.254976,102.24888025,6,Tarazona,
2022-10-08,114.5123875,0.0,10.85479,103.65759750000001,7,Tarazona,
2022-10-09,110.1890933333333,0.0,9.487838,100.70125533333331,8,Tarazona,
2022-10-10,53.52346307692308,0.0,4.584394,48.939069076923076,9,Tarazona,
2022-10-11,88.58550714285714,0.0,14.533082000000002,74.05242514285713,10,Tarazona,
2022-10-12,91.3935529,0.0,18.865072,72.5284809,11,Tarazona,
2022-10-13,117.9030888888889,0.0,15.710022,102.19306688888891,12,Tarazona,
2022-10-14,159.0683571428571,0.0,15.444856000000001,143.6235011428571,13,Tarazona,
2022-10-15,171.6377,15.08052,12.936414,158.70128599999998,0,Tarazona,
2022-10-16,126.0841714285714,0.0,7.9946839999999995,118.0894874285714,1,Tarazona,
2022-10-17,161.5700846153846,0.0,6.308682,155.26140261538458,2,Tarazona,
2022-10-18,151.7586583333333,0.0,9.3588,142.3998583333333,3,Tarazona,
2022-10-19,174.0057272727273,0.0,6.441973999999999,167.56375327272733,4,Tarazona,
2022-10-20,61.26045555555555,0.0,1.5087519999999999,59.75170355555555,5,Tarazona,
2022-10-27,144.1550307692308,0.0,6.646166,137.5088647692308,12,Tarazona,
2022-10-28,125.6770583333333,0.0,5.109054,120.5680043333333,13,Tarazona,
2023-06-17,288.4498655172414,10.01052,115.643572,172.8062935172414,0,Tarazona,
2023-06-18,263.07468,0.0,66.33971199999999,196.734968,1,Tarazona,
2023-06-19,197.1686956521739,0.0,34.292912,162.8757836521739,2,Tarazona,
2023-06-20,335.331008,0.0,90.46131,244.869698,3,Tarazona,
2023-06-21,118.3976727272727,0.0,27.436882,90.96079072727271,4,Tarazona,
2023-06-22,359.3912484,0.0,126.155206,233.23604239999997,5,Tarazona,
2023-06-23,288.5916042307692,0.0,127.41864400000001,161.17296023076915,6,Tarazona,
2023-06-24,258.7743127586207,12.35052,111.60369,147.17062275862068,0,Tarazona,
2023-06-25,316.0019451724138,0.0,109.60431,206.3976351724138,1,Tarazona,
2023-06-26,283.65976,0.0,72.26836999999999,211.39139,2,Tarazona,
2023-06-27,254.8635777777778,0.0,74.43082000000001,180.4327577777778,3,Tarazona,
2023-06-28,271.6725947368421,0.0,66.48293000000001,205.18966473684208,4,Tarazona,
2023-06-29,264.7367275862069,0.0,53.133878,211.60284958620687,5,Tarazona,
2023-06-30,192.3444732142857,0.0,44.157938,148.1865352142857,6,Tarazona,
2023-08-19,359.400795,13.65,0.8791599999999999,358.521635,0,Tarazona,
2023-08-20,369.6087428571428,0.0,0.974166,368.63457685714275,1,Tarazona,
2023-08-21,347.0910545454545,0.0,0.777064,346.3139905454545,2,Tarazona,
2023-08-22,327.765375,0.0,0.811096,326.954279,3,Tarazona,
2023-08-23,252.3152428571429,0.0,0.828112,251.4871308571429,4,Tarazona,
2023-08-30,342.1018666666667,11.7,0.497718,341.6041486666667,0,Tarazona,
2023-08-31,299.7193588888889,0.0,0.56011,299.1592488888889,1,Tarazona,
2023-09-01,267.9814470588235,0.0,0.5416759999999999,267.4397710588235,2,Tarazona,
2023-09-02,187.5994333333333,0.0,0.19852,187.4009133333333,3,Tarazona,
2023-09-04,187.8787411764706,0.0,56.229372,131.6493691764706,5,Tarazona,
2023-09-05,243.9890857142857,0.0,72.74198200000001,171.24710371428569,6,Tarazona,
2023-09-06,246.1374111111111,0.0,63.819926,182.3174851111111,7,Tarazona,
2023-09-07,172.0853846153846,0.0,62.806056,109.27932861538461,8,Tarazona,
2023-09-08,159.0546966666667,0.0,51.938503999999995,107.1161926666667,9,Tarazona,
2023-09-09,139.9466195833333,0.0,48.444552,91.5020675833333,10,Tarazona,
2023-09-10,192.9938181818182,18.84948,43.68149,149.3123281818182,0,Tarazona,
2023-09-11,189.9116,0.0,34.8119,155.09969999999998,1,Tarazona,
2023-09-12,48.25275,0.0,28.788235999999998,19.464514,2,Tarazona,
2023-09-13,179.0878473684211,0.0,19.766920000000002,159.3209273684211,3,Tarazona,
2023-09-15,88.0740575,0.0,14.063724,74.0103335,5,Tarazona,
2023-09-16,120.6189166666667,0.0,56.016672,64.6022446666667,6,Tarazona,
2023-09-17,170.7670726086957,0.0,47.548376000000005,123.21869660869571,7,Tarazona,
2023-09-18,251.5157166666667,0.0,47.263358,204.25235866666668,8,Tarazona,
2024-05-04,167.0840961538462,13.0,107.423426,59.66067015384618,0,Tarazona,
2024-05-05,151.6248961538462,0.0,78.64228,72.98261615384621,1,Tarazona,
2024-05-06,160.4861923076923,0.0,68.26110200000001,92.2250903076923,2,Tarazona,
2024-05-07,168.1574666666667,0.0,88.00817,80.14929666666669,3,Tarazona,
2024-05-11,177.4737571428572,12.6,56.702984,120.77077314285721,0,Tarazona,
2024-05-12,213.4623692307692,0.0,66.024916,147.43745323076922,1,Tarazona,
2024-05-13,193.6869475,0.0,53.847132,139.8398155,2,Tarazona,
2024-05-14,220.5269076923077,0.0,37.76843,182.7584776923077,3,Tarazona,
2024-05-15,155.684562962963,0.0,39.66855,116.016012962963,4,Tarazona,
2024-05-16,88.21672111111111,0.0,34.278732000000005,53.93798911111111,5,Tarazona,
2024-05-19,196.53313125,0.0,37.211156,159.32197524999998,8,Tarazona,
2024-05-20,143.45106,0.0,24.663274,118.78778600000001,9,Tarazona,
2024-05-21,132.9803884615385,0.12948,23.59552,109.3848684615385,10,Tarazona,
2024-06-06,228.7388888888889,10.65948,22.28387,206.4550188888889,0,Tarazona,
2024-06-07,275.2293,0.0,17.285420000000002,257.94388000000004,1,Tarazona,
2024-06-08,213.7625047619048,0.0,12.81872,200.9437847619048,2,Tarazona,
2024-06-09,216.0520535714286,0.0,72.28255,143.76950357142857,3,Tarazona,
2024-06-10,185.956064,0.0,50.463784000000004,135.49228,4,Tarazona,
2024-06-11,238.205748,0.0,77.14629,161.059458,5,Tarazona,
2024-06-12,145.8052730434783,0.0,42.591048,103.21422504347831,6,Tarazona,
2024-06-13,250.8399321428572,0.0,118.961692,131.8782401428572,7,Tarazona,
2024-06-14,256.726625,0.0,135.209136,121.51748900000001,8,Tarazona,
2024-06-23,253.6587464285714,10.65948,38.565346,215.09340042857139,0,Tarazona,
2024-06-24,234.3787392857143,0.0,32.126208,202.2525312857143,1,Tarazona,
2024-07-01,322.140052,0.0,34.950863999999996,287.18918800000006,8,Tarazona,
2024-07-02,273.7707931034483,0.0,48.611876,225.1589171034483,9,Tarazona,
2024-07-03,268.5791253571429,0.0,38.256222,230.3229033571429,10,Tarazona,
2024-07-04,219.073225,0.0,25.04188,194.03134500000002,11,Tarazona,
2024-07-05,206.2260571428571,0.0,13.178892,193.0471651428571,12,Tarazona,
2024-08-04,273.4574629629629,10.01052,0.8777419999999999,272.5797209629629,0,Tarazona,
2024-08-05,296.4263037037037,0.0,1.005362,295.4209417037037,1,Tarazona,
2024-08-06,286.8307777777778,0.0,0.989764,285.84101377777785,2,Tarazona,
2024-08-07,243.7585185185185,0.0,0.962822,242.79569651851853,3,Tarazona,
2024-08-08,237.7190962962963,0.0,0.8167679999999999,236.9023282962963,4,Tarazona,
2024-08-18,295.1518330769231,10.65948,0.6820579999999999,294.4697750769231,0,Tarazona,
2024-08-19,361.1440941176471,0.0,0.720344,360.4237501176471,1,Tarazona,
2024-08-20,236.9951584615385,0.0,0.76572,236.2294384615385,2,Tarazona,
2024-08-21,225.4888,0.0,0.518988,224.969812,3,Tarazona,
2024-08-22,244.24042,0.0,0.75154,243.48888,4,Tarazona,
2024-08-25,197.2556647058823,0.0,0.38002400000000003,196.87564070588232,7,Tarazona,
2024-08-26,164.637408,0.0,4.073914,160.563494,8,Tarazona,
2024-08-27,190.5158754545455,0.0,0.7954979999999999,189.72037745454548,9,Tarazona,
2024-08-28,151.4133548,0.0,0.589888,150.8234668,10,Tarazona,
2024-08-29,121.76302,0.0,0.465104,121.297916,11,Tarazona,
2024-08-30,143.5270375,0.0,0.34882799999999997,143.1782095,12,Tarazona,
2024-08-31,137.87326,18.72,0.530332,137.342928,0,Tarazona,
2024-09-01,177.1800166666667,0.0,4.082421999999999,173.09759466666668,1,Tarazona,
2024-09-02,121.620124,0.0,0.45943199999999995,121.160692,2,Tarazona,
2024-09-03,143.5744541666667,0.0,61.705688,81.86876616666669,3,Tarazona,
2024-09-04,133.0729591666667,0.0,47.026551999999995,86.0464071666667,4,Tarazona,
2024-09-05,89.76817916666667,0.0,43.759479999999996,46.00869916666667,5,Tarazona,
2024-09-08,182.2286,7.14948,13.831172,168.397428,0,Tarazona,
2024-09-09,181.1101666666667,0.0,14.716004,166.3941626666667,1,Tarazona,
2024-09-10,165.9138508333333,0.0,10.269155999999999,155.6446948333333,2,Tarazona,
2024-09-11,136.5331956521739,0.0,6.619224,129.9139716521739,3,Tarazona,
2024-09-12,152.2663625,0.0,5.150176,147.11618650000003,4,Tarazona,
2024-09-13,107.4436375,0.0,4.675146,102.7684915,5,Tarazona,
2024-09-17,112.0664791666667,0.0,2.222006,109.8444731666667,9,Tarazona,
2024-09-18,71.90004304347826,0.0,1.513006,70.38703704347826,10,Tarazona,
2024-09-19,58.44534555555555,0.0,2.057518,56.387827555555546,11,Tarazona,
2024-09-20,102.767052173913,0.0,33.893036,68.87401617391299,12,Tarazona,
2024-09-21,130.0012173913044,0.0,23.915988000000002,106.08522939130441,13,Tarazona,
2024-09-22,153.373357826087,0.0,56.175487999999994,97.19786982608699,14,Tarazona,
2024-09-28,119.2554108695652,16.89948,27.146192,92.1092188695652,0,Tarazona,
2024-09-29,111.4482131778261,0.0,23.727394,87.7208191778261,1,Tarazona,
2024-09-30,119.4012517391304,0.0,22.41149,96.9897617391304,2,Tarazona,
2024-10-01,137.4708517391304,0.0,17.41304,120.05781173913041,3,Tarazona,
2024-10-02,119.9960090909091,0.0,13.598619999999999,106.3973890909091,4,Tarazona,
2024-10-03,167.9187086956522,0.0,12.652814,155.2658946956522,5,Tarazona,
2024-10-04,111.2406782608696,0.0,12.113973999999999,99.1267042608696,6,Tarazona,
2024-10-05,102.9228517391304,0.0,11.624763999999999,91.2980877391304,7,Tarazona,
2024-10-06,125.1512736363636,0.0,11.28019,113.8710836363636,8,Tarazona,
2024-10-07,87.22659166666666,0.0,6.5072019999999995,80.71938966666667,9,Tarazona,
2024-10-09,66.39732504545455,0.0,16.860020000000002,49.537305045454545,11,Tarazona,
2024-10-10,117.4847705882353,0.0,17.188996,100.2957745882353,12,Tarazona,
2024-10-11,78.93324285714286,0.0,21.379186,57.554056857142854,13,Tarazona,
2024-10-12,42.7011675,14.30052,12.725131999999999,29.9760355,0,Tarazona,
2024-10-13,118.9751527142857,0.0,36.160418,82.81473471428569,1,Tarazona,
2024-10-14,86.2810655,0.0,28.802416,57.478649499999996,2,Tarazona,
2024-10-15,99.9133,0.0,15.15133,84.76197,3,Tarazona,
2018-01-10,12.55947488736,,8.842648,3.71682688736,0,Oran,7.36
2018-01-11,15.42130908904,,12.862678,2.5586310890399986,1,Oran,0.2
2018-01-12,14.86801127448,,17.397442,-2.529430725520001,2,Oran,0.0
2018-01-13,10.10872708172,,12.696772,-2.5880449182799996,3,Oran,0.2
2018-01-14,10.79922314596,,10.659106,0.1401171459599997,4,Oran,0.4
2018-01-15,12.81195412644,,16.132586000000003,-3.3206318735600036,5,Oran,0.0
2018-01-16,11.21102631264,,18.480794000000003,-7.2697676873600034,6,Oran,0.2
2018-01-17,10.13653261536,,16.635976,-6.499443384639999,7,Oran,0.0
2018-01-18,8.6098786206,,16.78912,-8.1792413794,8,Oran,0.2
2018-01-19,8.60647403096,,18.027034,-9.420559969040001,9,Oran,0.0
2018-01-20,9.05079789324,,18.358846,-9.30804810676,10,Oran,0.0
2018-01-21,9.98158214008,,16.837332,-6.8557498599199995,11,Oran,0.0
2018-01-22,9.64969719816,,16.170872,-6.521174801839999,12,Oran,0.0
2018-01-23,10.93357524276,,15.249172000000002,-4.315596757240002,13,Oran,0.2
2018-01-24,9.75147023448,,17.922102,-8.17063176552,14,Oran,0.2
2018-02-05,15.83177252932,,4.34617,11.485602529320001,0,Oran,6.37
2018-02-06,8.93376672316,,6.348386,2.58538072316,1,Oran,0.6
2018-02-07,18.24833150416,,25.210622,-6.962290495840001,2,Oran,0.0
2018-02-08,18.29516563356,,25.172336,-6.8771703664400015,3,Oran,0.0
2018-02-09,18.1000081086,,26.396069999999998,-8.296061891399997,4,Oran,0.0
2018-02-10,16.843787671879998,,21.954894,-5.111106328120002,5,Oran,0.0
2018-02-11,14.19455480576,,32.238229999999994,-18.043675194239995,6,Oran,0.0
2018-02-12,11.166954191999999,,11.378032,-0.21107780800000064,0,Oran,11.34
2018-02-13,21.526633241720003,,33.495996,-11.969362758279996,1,Oran,0.0
2018-02-14,15.7503019916,,24.633496,-8.8831940084,2,Oran,0.0
2018-02-15,10.722955363679999,,34.653084,-23.93012863632,3,Oran,0.0
2018-02-16,8.72804535344,,33.368376000000005,-24.640330646560002,4,Oran,0.0
2018-02-17,10.728362282760001,,29.831884000000002,-19.10352171724,5,Oran,0.2
2018-02-18,10.15711431816,,19.616612,-9.45949768184,6,Oran,0.0
2018-02-19,12.95074008236,,38.700056000000004,-25.749315917640004,7,Oran,0.0
2018-02-20,9.821487274239999,,31.795814000000004,-21.974326725760005,8,Oran,0.0
2018-02-21,12.64323109928,,29.691502,-17.04827090072,9,Oran,0.0
2018-02-22,13.75538699,,29.277446,-15.522059010000001,10,Oran,0.0
2018-02-23,13.07723285744,,32.62109,-19.54385714256,11,Oran,0.0
2018-02-24,11.735218457719998,,30.691192,-18.955973542280002,12,Oran,0.0
2018-02-25,11.12596159868,,32.852224,-21.72626240132,13,Oran,0.0
2018-02-26,13.50567143292,,38.110168,-24.60449656708,14,Oran,0.0
2018-03-11,40.09734557116,,27.996992,12.10035357116,0,Oran,3.4
2018-03-12,42.81023631424,,43.189443999999995,-0.37920768575999375,1,Oran,0.0
2018-03-13,30.845103932079997,,43.973598,-13.128494067920006,2,Oran,0.0
2018-03-14,22.625384126159997,,24.613644,-1.9882598738400041,3,Oran,0.0
2018-03-15,41.29593176656,,30.730895999999998,10.565035766560005,4,Oran,2.0
2018-03-16,34.87577273232,,34.838842,0.03693073232000188,5,Oran,0.0
2018-03-17,33.27477203332,,20.59645,12.678322033319997,6,Oran,2.6
2018-03-18,27.25824431684,,31.990079999999995,-4.731835683159996,7,Oran,0.0
2018-03-19,27.96834284144,,26.454207999999998,1.5141348414400007,0,Oran,3.6
2018-03-20,25.5304528926,,22.685164,2.8452888925999993,1,Oran,0.0
2018-03-21,20.56088633312,,48.294244,-27.73335766688,2,Oran,0.0
2018-03-22,28.248002531399997,,45.00023,-16.752227468600005,3,Oran,0.0
2018-03-23,31.634306012080003,,37.4352,-5.8008939879199986,4,Oran,0.0
2018-03-24,33.147352056399995,,24.045026,9.102326056399995,0,Oran,3.2
2018-03-25,22.3332687242,,27.964378,-5.6311092758,1,Oran,0.0
2018-03-26,23.553028382159997,,38.813496,-15.260467617840003,2,Oran,0.2
2018-03-27,26.37857270244,,61.854578,-35.47600529755999,3,Oran,0.0
2018-03-28,30.159406351479998,,64.24249,-34.08308364852,4,Oran,0.0
2018-03-29,26.51718571908,,53.712422,-27.195236280919996,5,Oran,0.0
2018-03-30,25.0201353954,,18.246824000000004,6.773311395399997,6,Oran,2.8
2018-03-31,37.212500150560004,,38.490192,-1.2776918494399965,7,Oran,0.2
2018-04-01,25.37077264996,,58.035904,-32.66513135004,8,Oran,0.0
2018-04-02,24.46416016996,,44.291230000000006,-19.827069830040006,9,Oran,0.0
2018-04-03,27.45477287764,,49.893748,-22.438975122360002,10,Oran,0.0
2018-04-04,26.14707960812,,26.309572,-0.16249239188000075,11,Oran,0.0
2018-04-05,31.927963262160002,,55.317598,-23.389634737839994,12,Oran,0.0
2018-04-06,27.0280574274,,34.586437999999994,-7.558380572599994,13,Oran,0.2
2018-04-10,27.420097729560002,,13.713477999999999,13.706619729560003,0,Oran,5.6
2018-04-11,32.70735371804,,22.530602,10.176751718039998,1,Oran,1.2
2018-04-12,37.472924131679996,,46.795418,-9.322493868320002,2,Oran,2.2
2018-04-13,31.9374727672,,59.774372,-27.8368992328,3,Oran,0.2
2018-04-14,41.64663359684,,80.55374400000001,-38.90711040316001,4,Oran,0.0
2018-04-15,39.16528200472,,73.45949,-34.294207995280004,5,Oran,0.0
2018-04-16,43.09828038296,,58.08978799999999,-14.991507617039993,6,Oran,1.6
2018-04-17,45.6838970046,,88.668958,-42.985060995400005,7,Oran,0.0
2018-04-18,50.64586886952,,87.119084,-36.47321513048,8,Oran,0.0
2018-04-19,42.834147594479994,,66.358146,-23.52399840552001,9,Oran,0.0
2018-04-20,31.88763951108,,35.43582,-3.54818048892,10,Oran,0.0
2018-04-21,34.82601031948,,46.4395,-11.613489680520004,11,Oran,0.0
2018-04-22,40.08707760628,,51.229504,-11.142426393720001,12,Oran,0.0
2018-04-23,42.81771640604,,57.796262,-14.97854559396,13,Oran,0.0
2018-04-24,47.51126121128,,54.262606000000005,-6.751344788720004,14,Oran,0.0
2018-05-10,79.86896111448,,28.297608,51.571353114480004,0,Oran,4.4
2018-05-11,44.29923146204,,84.322788,-40.023556537960005,1,Oran,0.0
2018-05-12,49.8347869928,,73.606962,-23.772175007199998,2,Oran,0.0
2018-05-13,46.50494052984,,60.049464,-13.544523470160001,3,Oran,0.0
2018-05-14,43.03656230164,,46.647946,-3.611383698360001,4,Oran,0.0
2018-05-15,43.63999759004,,50.207126,-6.567128409960006,5,Oran,0.0
2018-05-16,45.215726409439995,,39.905356,5.310370409439997,6,Oran,0.0
2018-05-17,46.49636029692,,33.137242,13.359118296920002,7,Oran,0.0
2018-05-18,42.79029424288,,28.341565999999997,14.448728242880005,8,Oran,0.0
2018-05-19,41.37329968996,,28.954142,12.419157689959999,9,Oran,0.0
2018-05-20,38.73972503212,,25.996194,12.74353103212,10,Oran,0.0
2018-05-21,36.286493599479996,,22.82271,13.463783599479996,11,Oran,0.0
2018-05-22,40.49793485351999,,26.120978,14.376956853519992,12,Oran,0.0
2018-05-23,40.02900792552,,22.984362,17.044645925519998,13,Oran,0.0
2018-05-24,38.81393424708,,18.025616,20.78831824708,14,Oran,0.2
2018-06-06,45.42159360628,,37.133166,8.288427606279996,0,Oran,3.8
2018-06-07,73.32808921495999,,97.88453999999999,-24.55645078504,1,Oran,0.2
2018-06-08,60.41233263896,,75.654554,-15.242221361040002,2,Oran,0.0
2018-06-09,61.11422596327999,,61.69292600000001,-0.578700036720015,3,Oran,0.0
2018-06-10,71.60961975108,,96.96000400000001,-25.350384248920008,4,Oran,0.0
2018-06-11,72.52289555488,,88.57820600000001,-16.055310445120014,5,Oran,0.0
2018-06-12,80.48704405928,,114.541786,-34.05474194072001,6,Oran,0.0
2018-06-13,80.70558576552,,102.41221399999999,-21.706628234479993,7,Oran,0.0
2018-06-14,77.44836288156,,99.598902,-22.150539118439994,8,Oran,0.0
2018-06-15,78.70415389116,,100.434104,-21.72995010884,9,Oran,0.0
2018-06-16,79.29514200392,,82.029882,-2.7347399960799947,10,Oran,0.0
2018-06-17,73.99311130624,,88.140044,-14.146932693760007,11,Oran,0.0
2018-06-18,69.2243279882,,80.219096,-10.99476801179999,12,Oran,0.0
2018-06-19,72.56081486008,,64.74162600000001,7.81918886007999,13,Oran,0.0
2018-06-20,68.97217795200001,,62.14385,6.828327952000009,14,Oran,0.0
2018-08-17,40.95165364644,,29.13281,11.818843646440001,0,Oran,12.8
2018-08-18,35.91600179252,,38.90283,-2.986828207480002,1,Oran,0.0
2018-08-19,22.852924857439998,,53.719512,-30.866587142560004,2,Oran,0.0
2018-08-20,16.19953272944,,59.319193999999996,-43.119661270559995,3,Oran,0.0
2018-08-21,16.733501048639997,,40.387476,-23.653974951360002,4,Oran,0.0
2018-08-22,17.212561033,,28.73577,-11.523208966999999,5,Oran,0.0
2018-08-23,39.10963344552,,22.112292,16.997341445519996,6,Oran,0.8
2018-08-24,24.27603476224,,22.636952,1.6390827622399975,7,Oran,0.0
2018-08-25,16.98424051516,,14.16582,2.8184205151599997,8,Oran,0.0
2018-08-26,12.37231624368,,10.141535999999999,2.2307802436800017,9,Oran,0.0
2018-08-27,12.06570111108,,9.253867999999999,2.8118331110800003,10,Oran,0.2
2018-08-28,26.886125241440002,,3.9831619999999996,22.902963241440002,0,Oran,7.4
2018-08-29,29.042359438440002,,16.855766000000003,12.18659343844,1,Oran,2.6
2018-08-30,20.65876721468,,13.982897999999999,6.675869214680002,2,Oran,0.0
2018-08-31,16.556608271200002,,17.848366000000002,-1.2917577288000004,3,Oran,0.0
2018-09-01,19.68082505232,,12.332346,7.34847905232,4,Oran,0.0
2018-09-02,18.5749587006,,10.969648,7.6053107006000005,5,Oran,0.2
2018-09-03,36.1557940438,,4.639696,31.5160980438,0,Oran,3.8
2018-09-04,29.703264338359997,,44.594682,-14.891417661640002,1,Oran,0.2
2018-09-05,28.93024759396,,39.749376,-10.819128406039997,2,Oran,0.0
2018-09-06,32.64168931436,,24.43214,8.20954931436,3,Oran,0.0
2018-09-07,35.59579541352,,11.823284,23.77251141352,4,Oran,0.0
2018-09-08,27.290667113719998,,3.224532,24.066135113719998,5,Oran,0.4
2018-09-10,36.866880177039995,,49.536412,-12.669531822960003,0,Oran,34.6
2018-09-11,38.00786965139999,,22.523512,15.484357651399993,1,Oran,1.4
2018-09-12,33.13340449496,,50.55879,-17.425385505040005,2,Oran,0.0
2018-09-13,34.6308340202,,77.23846,-42.607625979800005,3,Oran,0.2
2018-09-14,35.746491179799996,,55.62105,-19.8745588202,4,Oran,0.0
2018-09-15,24.795063742439996,,15.637704,9.157359742439997,0,Oran,3.4
2018-09-16,36.33401823816,,75.244752,-38.91073376184001,1,Oran,0.0
2018-09-17,29.822106152639996,,41.031248000000005,-11.209141847360009,2,Oran,0.0
2018-09-18,15.383116847199998,,57.67998600000001,-42.29686915280001,3,Oran,0.0
2018-09-19,26.47844550532,,67.54075800000001,-41.062312494680015,4,Oran,0.0
2018-09-20,34.81587573168,,71.22614,-36.41026426832,5,Oran,2.6
2018-09-21,35.15454483936,,74.376936,-39.22239116064,6,Oran,0.2
2018-09-22,35.6015836328,,64.928802,-29.327218367200004,7,Oran,0.0
2018-09-23,36.945971254039996,,55.638066,-18.692094745960006,8,Oran,0.0
2018-09-24,35.67704088628,,46.625258,-10.948217113720005,9,Oran,0.0
2018-09-25,29.6430360362,,25.674308,3.9687280362000017,10,Oran,0.0
2018-09-26,21.74951088,,13.902072,7.847438879999999,11,Oran,0.0
2018-09-27,19.55414266228,,23.758589999999998,-4.204447337719998,12,Oran,0.0
2018-09-28,19.3023447722,,30.594768,-11.292423227799997,13,Oran,0.0
2018-09-29,20.769320535360002,,30.428862000000002,-9.65954146464,14,Oran,0.2
2018-10-09,14.21281334244,,2.9593659999999997,11.253447342440001,0,Oran,5.03
2018-10-10,21.47544562544,,14.486288,6.989157625439999,1,Oran,0.0
2018-10-11,12.509743698880001,,9.462314,3.047429698880002,2,Oran,0.0
2018-10-12,17.031990190440002,,16.607616,0.4243741904400018,3,Oran,0.0
2018-10-13,17.890095584639997,,13.994242,3.8958535846399975,4,Oran,0.0
2018-10-14,22.43637527608,,5.596846,16.83952927608,5,Oran,0.0
2018-10-15,23.386055592399998,,17.486776,5.899279592399999,6,Oran,0.0
2018-10-16,17.733358457719998,,18.750214,-1.0168555422800019,7,Oran,0.0
2018-10-17,7.371872932719999,,22.761736000000003,-15.389863067280004,8,Oran,0.0
2018-10-19,12.19101456392,,13.000224,-0.8092094360799997,0,Oran,4.2
2018-10-20,15.786950286680002,,15.449110000000001,0.33784028668000055,1,Oran,0.0
2018-10-21,15.31599604408,,21.600394,-6.284397955920001,2,Oran,0.0
2018-10-22,11.60955702768,,32.133297999999996,-20.52374097232,3,Oran,0.0
2018-10-23,14.43348445928,,29.660306,-15.226821540719998,4,Oran,0.0
2018-10-24,12.54408964408,,35.40037,-22.856280355920003,5,Oran,0.0
2018-10-25,14.683744670159998,,34.41486,-19.73111532984,6,Oran,0.0
2018-10-26,14.02807791896,,19.4266,-5.398522081040001,7,Oran,0.2
2018-10-31,21.33903286268,,11.241904,10.09712886268,0,Oran,3.8
2018-11-01,19.69669786072,,26.132322,-6.435624139279998,1,Oran,0.2
2018-11-02,15.440911521039999,,16.407678,-0.9667664789600021,2,Oran,0.0
2018-11-03,19.67822265364,,32.30913,-12.630907346360004,3,Oran,0.0
2018-11-04,20.0440615772,,32.239648,-12.195586422800002,4,Oran,0.2
2018-11-09,25.3800925684,,19.90163,5.478462568399998,1,Oran,0.2
2018-11-10,19.38421325744,,25.01352,-5.629306742560001,2,Oran,0.0
2018-11-11,17.8159020244,,29.617765999999996,-11.801863975599996,3,Oran,0.0
2018-11-12,15.735891878559999,,24.168392,-8.432500121440002,4,Oran,0.2
2018-11-13,11.349724777959999,,11.447514,-0.09778922204000118,5,Oran,0.2
2018-11-14,17.64754155148,,9.82674,7.820801551480001,6,Oran,0.0
2018-11-15,12.1798277634,,6.646166,5.5336617634000005,0,Oran,7.2
2018-11-16,30.28133605928,,11.363852,18.91748405928,1,Oran,0.6
2018-11-17,23.0993562698,,14.252318,8.8470382698,2,Oran,0.0
2018-11-18,25.330913549119998,,6.315772,19.01514154912,3,Oran,1.2
2018-11-19,24.570367093759998,,7.906768,16.66359909376,4,Oran,2.0
2018-11-20,15.843138508320001,,13.645414,2.1977245083200003,0,Oran,5.0
2018-11-21,21.28016723016,,16.229010000000002,5.051157230159998,1,Oran,0.0
2018-11-22,15.60193982792,,13.405772,2.19616782792,2,Oran,0.8
2018-11-23,12.235082543999999,,11.18093,1.054152543999999,3,Oran,0.0
2018-11-24,16.49459016944,,25.102854,-8.608263830560002,4,Oran,0.4
2018-11-25,23.128471553319997,,23.209824,-0.08135244668000396,5,Oran,0.6
2018-11-26,23.30260356984,,19.497500000000002,3.8051035698399964,6,Oran,0.2
2018-11-27,16.36804946596,,27.365982,-10.99793253404,7,Oran,0.0
2018-11-28,15.845846774880002,,32.384283999999994,-16.538437225119992,8,Oran,0.0
2018-11-29,14.525429195800001,,30.43737,-15.9119408042,9,Oran,0.2
2018-11-30,10.60282379332,,19.507426000000002,-8.904602206680002,10,Oran,0.2
2018-12-01,12.80787652564,,23.269379999999998,-10.461503474359999,11,Oran,0.0
2018-12-02,11.23010161732,,25.105690000000003,-13.875588382680002,12,Oran,0.2
2018-12-03,8.01226070556,,26.784602,-18.77234129444,13,Oran,0.0
2018-12-04,12.46667793284,,28.49471,-16.02803206716,14,Oran,0.2
2018-12-13,9.3913547276,,5.185626,4.2057287275999995,0,Oran,8.8
2018-12-14,21.24036853612,,17.329378,3.91099053612,1,Oran,0.0
2018-12-15,14.204881107159999,,20.586524,-6.381642892840002,2,Oran,0.0
2018-12-16,13.15735320392,,15.477470000000002,-2.3201167960800024,3,Oran,0.2
2018-12-17,13.012879054439999,,20.448978,-7.436098945560001,4,Oran,0.0
2018-12-18,13.739575240679999,,18.266676,-4.527100759320001,5,Oran,0.2
2018-12-19,12.0838992126,,15.809282,-3.725382787399999,6,Oran,0.6
2018-12-20,11.04393058228,,13.377412,-2.33348141772,7,Oran,0.2
2018-12-21,3.26219305904,,10.878896,-7.61670294096,8,Oran,0.2
2018-12-22,0.9793860834000001,,10.15997,-9.1805839166,9,Oran,0.2
2018-12-23,6.08548207868,,19.05083,-12.965347921320001,10,Oran,0.4
2018-12-24,12.5290648564,,21.170740000000002,-8.641675143600002,11,Oran,0.2
2018-12-25,10.4485796522,,17.181905999999998,-6.7333263477999985,12,Oran,0.2
2018-12-26,12.13056749272,,17.941954000000003,-5.8113865072800035,13,Oran,0.0
2018-12-27,11.715383275199999,,18.363100000000003,-6.647716724800004,14,Oran,0.2
2019-04-02,35.701008461120004,,45.08531,-9.384301538879996,0,Oran,4.12
2019-04-03,38.61246965664,,60.869068,-22.256598343359997,1,Oran,0.21
2019-04-04,42.52570559576,,60.993852,-18.468146404239995,2,Oran,0.0
2019-04-05,35.05607636696,,16.47716,18.578916366959998,3,Oran,1.44
2019-04-06,39.77642866072,,27.262468000000002,12.513960660719999,4,Oran,0.82
2019-04-07,42.59237802728,,35.135203999999995,7.457174027280004,5,Oran,1.24
2019-04-10,32.94500195332,,24.433558,8.51144395332,0,Oran,3.09
2019-04-11,48.05947090152,,56.843366,-8.783895098480002,1,Oran,0.21
2019-04-12,51.14749150268,,50.670812,0.4766795026799997,2,Oran,0.0
2019-04-13,53.80977598112,,57.913956,-4.104180018880001,3,Oran,0.0
2019-04-14,58.27115241208,,55.362974,2.908178412079998,4,Oran,0.0
2019-04-15,55.94852257968,,48.182222,7.766300579679999,5,Oran,0.0
2019-04-16,57.62378459096,,49.483945999999996,8.139838590960004,6,Oran,0.0
2019-04-17,46.26221040944,,23.830908,22.43130240944,7,Oran,0.0
2019-04-25,39.5983211394,,32.77707,6.8212511393999975,0,Oran,8.86
2019-04-26,60.84095456184,,89.64879599999999,-28.80784143815999,1,Oran,0.0
2019-04-27,64.67235156684,,105.245378,-40.573026433159995,2,Oran,0.0
2019-04-28,69.78169296707999,,106.998026,-37.216333032920005,3,Oran,0.0
2019-04-29,68.82204890359999,,101.284904,-32.462855096400006,4,Oran,0.0
2019-04-30,70.71630059568,,97.107476,-26.39117540432001,5,Oran,0.0
2019-05-01,43.490189406679995,,53.017602000000004,-9.527412593320008,6,Oran,0.41
2019-05-02,63.75174694348,,90.47974400000001,-26.72799705652001,7,Oran,2.06
2019-05-03,45.168328851919995,,64.29921,-19.130881148080007,8,Oran,0.0
2019-05-04,66.6206212032,,98.01357800000001,-31.392956796800007,9,Oran,0.21
2019-05-05,64.37888724983999,,97.910064,-33.531176750160014,10,Oran,0.0
2019-05-06,65.88706603752,,93.124314,-27.237247962479998,11,Oran,0.0
2019-05-07,71.9733378004,,91.641086,-19.6677481996,12,Oran,0.0
2019-05-08,60.99075440736,,54.490904,6.49985040736,13,Oran,0.0
2019-05-09,49.91322587488,,44.400416,5.5128098748799985,14,Oran,2.27
2019-06-14,28.16868227724,,11.972174,16.19650827724,0,Oran,15.45
2019-06-15,25.80394930228,,30.32393,-4.519980697720001,1,Oran,0.0
2019-06-16,22.166920988839998,,15.466126,6.7007949888399985,2,Oran,0.0
2019-06-17,23.916450551599997,,17.665444,6.251006551599996,3,Oran,0.0
2019-06-18,24.07210319212,,9.06102,15.011083192120001,4,Oran,0.0
2019-06-19,27.76560519896,,6.354058,21.41154719896,5,Oran,0.0
2019-06-20,21.414015710079997,,6.602208,14.811807710079997,6,Oran,0.0
2019-06-21,19.996876350999997,,6.247707999999999,13.749168350999998,7,Oran,0.0
2019-06-22,19.2059119806,,5.116144,14.0897679806,8,Oran,0.0
2019-06-23,22.09726653168,,5.720211999999999,16.37705453168,9,Oran,0.0
2019-06-24,20.72620060172,,6.824834,13.90136660172,10,Oran,0.0
2019-06-25,20.7549468082,,6.22502,14.529926808199999,11,Oran,0.0
2019-06-26,18.83612491964,,5.3231720000000005,13.51295291964,12,Oran,0.0
2019-06-27,21.898535419839998,,4.777241999999999,17.12129341984,13,Oran,0.0
2019-06-28,21.32900380244,,6.050606,15.278397802439999,14,Oran,0.0
2019-07-07,23.61079180328,,7.417558,16.193233803280002,0,Oran,15.04
2019-07-08,28.313838144400002,,6.226438,22.0874001444,1,Oran,0.0
2019-07-09,34.14542797536,,36.568802,-2.4233740246399975,2,Oran,0.0
2019-07-10,27.99726371716,,27.761604,0.23565971716000078,3,Oran,0.0
2019-07-11,32.2486759806,,16.950772,15.297903980599997,4,Oran,0.0
2019-07-12,30.225722921719996,,5.971197999999999,24.254524921719998,5,Oran,0.0
2019-07-13,27.50421235516,,4.8679939999999995,22.63621835516,6,Oran,0.0
2019-07-14,31.70356876092,,0.514734,31.18883476092,7,Oran,0.0
2019-07-15,30.57727070244,,0.6451899999999999,29.93208070244,8,Oran,0.0
2019-07-16,26.4511066922,,0.415474,26.0356326922,9,Oran,0.0
2019-07-17,25.0189040042,,4.662383999999999,20.3565200042,10,Oran,0.0
2019-07-18,25.98371307596,,22.990034,2.9936790759599994,11,Oran,0.0
2019-07-19,26.0451223736,,12.32242,13.722702373600002,12,Oran,0.0
2019-07-20,24.27205301824,,5.3884,18.88365301824,13,Oran,0.0
2019-07-21,24.67016074388,,4.455355999999999,20.214804743880002,14,Oran,0.0
2019-08-21,11.972489334839999,,0.04254,11.929949334839998,0,Oran,4.53
2019-08-22,18.24657335432,,71.094266,-52.847692645680006,1,Oran,0.21
2019-08-23,17.006987645760002,,63.54766999999999,-46.54068235423999,2,Oran,0.0
2019-08-24,17.38455830724,,51.229504,-33.84494569276,3,Oran,0.0
2019-08-25,17.4325896824,,32.290696000000004,-14.858106317600004,4,Oran,0.0
2020-03-16,16.91865257004,,7.314044,9.60460857004,0,Oran,3.72
2020-03-17,20.4962345516,,19.643553999999998,0.8526805516000024,1,Oran,0.2
2020-03-18,26.94982701968,,28.532996,-1.58316898032,2,Oran,0.0
2020-03-19,19.794532884160002,,20.70989,-0.9153571158399991,3,Oran,0.0
2020-03-20,25.30283391608,,19.293308,6.009525916080001,4,Oran,0.0
2020-04-02,50.485120901239995,,63.361912,-12.876791098760002,0,Oran,3.33
2020-04-03,64.40357684192,,75.37379,-10.97021315808,1,Oran,0.0
2020-04-04,58.826432902600004,,61.335589999999996,-2.509157097399992,2,Oran,0.2
2020-04-05,66.62254735767999,,72.455546,-5.832998642320007,3,Oran,0.0
2020-04-06,51.791136705119996,,58.420182000000004,-6.629045294880008,4,Oran,0.2
2020-04-07,64.8271109808,,67.394704,-2.567593019200004,5,Oran,0.59
2020-04-08,69.68848357308,,82.15892,-12.470436426919989,6,Oran,0.0
2020-04-09,43.77442844256,,50.412736,-6.638307557440001,7,Oran,0.0
2020-04-10,54.08360187728,,50.876422000000005,3.207179877279998,8,Oran,0.2
2020-04-11,69.09764795204,,80.794804,-11.697156047959993,9,Oran,0.0
2020-04-12,64.86084483212001,,66.644582,-1.7837371678799911,10,Oran,0.0
2020-04-13,52.00597164592,,44.75349800000001,7.252473645919991,11,Oran,2.55
2020-04-14,40.35992420328,,31.668193999999996,8.691730203280006,12,Oran,0.59
2020-04-15,43.254106218,,36.943154,6.310952217999997,0,Oran,8.04
2020-04-16,60.525629704560004,,60.924369999999996,-0.39874029543999256,1,Oran,0.2
2020-04-17,48.742922058160005,,46.259414,2.4835080581600053,2,Oran,0.0
2020-04-18,53.5313258168,,51.99522399999999,1.5361018168000058,3,Oran,0.2
2020-04-19,46.02104442812,,44.051587999999995,1.9694564281200044,4,Oran,0.0
2020-04-20,58.4094644724,,60.291942,-1.8824775275999954,5,Oran,0.0
2020-04-21,42.02020640584,,40.581742000000006,1.4384644058399942,6,Oran,1.37
2020-04-22,57.71351083812,,66.04335,-8.329839161880003,7,Oran,2.55
2020-04-23,76.4606256006,,71.31831000000001,5.142315600599986,8,Oran,0.0
2020-04-24,80.52889499636,,85.49122,-4.962325003640004,9,Oran,0.0
2020-04-25,62.02062341776,,55.714638,6.305985417759999,10,Oran,0.0
2020-04-26,57.17799488535999,,52.992078,4.185916885359994,0,Oran,6.08
2020-04-27,62.97819456375999,,57.210628,5.767566563759992,1,Oran,2.55
2020-04-28,50.78987218628,,52.26039,-1.4705178137200008,2,Oran,0.0
2020-04-29,85.96462122848,,98.349644,-12.38502277152,3,Oran,0.0
2020-04-30,85.06306147952,,77.417128,7.6459334795199965,4,Oran,0.0
2020-05-01,91.75765121528,,92.930048,-1.172396784719993,5,Oran,0.0
2020-05-02,93.83278681595999,,108.840008,-15.007221184040006,6,Oran,0.0
2020-05-03,106.59332514155999,,113.069902,-6.476576858440012,7,Oran,0.0
2020-05-04,97.44133261420001,,91.665192,5.776140614200003,8,Oran,0.0
2020-05-05,89.79366330416,,89.579314,0.21434930416000952,9,Oran,0.0
2020-05-06,97.84555864116,,82.424086,15.421472641159994,10,Oran,0.0
2020-05-07,71.58429588759999,,51.518775999999995,20.065519887599997,11,Oran,0.0
2020-05-08,90.66702998007999,,71.38779199999999,19.279237980079998,12,Oran,0.2
2020-05-09,59.172234351760004,,43.94382,15.228414351760001,13,Oran,0.98
2020-05-15,32.04505336432,,26.634294,5.410759364319997,0,Oran,9.02
2020-05-16,44.35024335976,,45.91484,-1.5645966402399978,1,Oran,2.55
2020-05-17,59.40695353788,,64.297792,-4.890838462120001,2,Oran,0.0
2020-05-18,104.55942067016001,,132.553222,-27.993801329839997,3,Oran,0.0
2020-05-19,106.93499836731999,,137.823928,-30.888929632680004,4,Oran,0.0
2020-05-20,114.75214629999999,,140.896734,-26.144587700000017,5,Oran,0.0
2020-05-21,119.4400469264,,132.900632,-13.4605850736,6,Oran,0.0
2020-05-22,120.70837146784001,,129.21525,-8.506878532159988,7,Oran,0.0
2020-05-23,116.60035422752001,,120.369766,-3.769411772479984,8,Oran,0.0
2020-05-24,99.23871650064,,91.391518,7.8471985006399905,9,Oran,1.96
2020-05-26,74.95569494044,,71.444512,3.511182940439994,0,Oran,4.31
2020-05-27,89.9236822482,,91.870802,-1.9471197518000025,1,Oran,0.0
2020-05-28,89.61158731132,,83.644984,5.96660331132,2,Oran,0.0
2020-05-29,84.85229327764,,94.427456,-9.575162722360005,3,Oran,0.0
2020-05-30,79.64670325564,,92.379864,-12.733160744359992,4,Oran,0.0
2020-05-31,72.99580663747999,,80.50695,-7.511143362520016,5,Oran,0.0
2020-06-01,70.6021224416,,78.086424,-7.4843015583999914,6,Oran,0.0
2020-06-02,66.54851907952,,87.416864,-20.86834492048,7,Oran,0.0
2020-06-03,66.03356151764,,72.72212999999999,-6.688568482359997,8,Oran,0.0
2020-06-04,33.3133265458,,21.3409,11.972426545800001,0,Oran,3.14
2020-06-05,56.92297941148,,102.419304,-45.49632458852,1,Oran,0.0
2020-06-06,57.311491105719995,,103.18786,-45.876368894280006,2,Oran,0.0
2020-06-07,39.74511196056,,65.98663,-26.241518039440002,3,Oran,0.0
2020-06-08,30.12942739252,,53.062978,-22.93355060748,4,Oran,0.0
2020-06-09,31.65186555984,,74.449254,-42.79738844015999,5,Oran,0.0
2020-06-10,29.706929159359998,,71.557952,-41.85102284064,6,Oran,0.0
2020-06-11,33.36306323612,,70.156968,-36.79390476388001,7,Oran,0.0
2020-06-12,28.49378118164,,54.56464,-26.070858818359998,8,Oran,0.2
2020-06-13,27.096343514559997,,44.885372,-17.78902848544,9,Oran,0.0
2020-06-14,23.827918657479998,,46.5104,-22.68248134252,10,Oran,0.0
2020-06-15,21.98365455664,,43.01503,-21.03137544336,11,Oran,0.0
2020-06-16,16.69878267992,,25.322644,-8.62386132008,12,Oran,0.2
2020-06-17,17.35788396892,,34.226265999999995,-16.868382031079996,13,Oran,0.0
2020-06-18,14.48704651656,,37.76134,-23.274293483439997,14,Oran,0.0
